timestamp,open,high,low,close,volume,volume_usd
2025-08-02 06:49:00,113537.0,113613.2,113537.0,113613.2,31.669,3598016.4307999997
2025-08-02 06:50:00,113613.1,113660.7,113613.1,113645.3,39.118,4445576.8454
2025-08-02 06:51:00,113645.0,113646.9,113594.6,113608.8,37.278,4235108.8464
2025-08-02 06:52:00,113608.9,113634.4,113608.8,113620.4,33.049,3755040.5996
2025-08-02 06:53:00,113620.3,113650.0,113620.3,113642.9,31.67,3599070.643
2025-08-02 06:54:00,113642.8,113657.4,113642.8,113657.4,22.327,2537628.7698
2025-08-02 06:55:00,113657.4,113699.6,113657.4,113677.4,126.677,14400311.9998
2025-08-02 06:56:00,113677.4,113686.5,113670.3,113686.5,16.013,1820461.9245000002
2025-08-02 06:57:00,113686.4,113686.5,113667.5,113675.0,23.379,2657607.825
2025-08-02 06:58:00,113675.0,113675.1,113655.6,113655.7,21.04,2391315.928
2025-08-02 06:59:00,113655.6,113655.7,113655.0,113655.1,14.983,1702894.3633
2025-08-02 07:00:00,113655.0,113688.6,113651.2,113688.6,27.887,3170433.9882
2025-08-02 07:01:00,113688.5,113701.3,113677.1,113689.8,93.625,10644207.525
2025-08-02 07:02:00,113689.8,113705.7,113689.8,113689.8,56.078,6375496.604400001
2025-08-02 07:03:00,113689.9,113689.9,113633.0,113685.0,39.867,4532279.895
2025-08-02 07:04:00,113685.0,113728.7,113684.9,113728.6,38.206,4345114.891600001
2025-08-02 07:05:00,113728.7,113728.7,113703.6,113703.7,28.312,3219179.1544
2025-08-02 07:06:00,113703.6,113703.7,113653.8,113682.2,30.009,3411489.1398
2025-08-02 07:07:00,113682.2,113694.2,113682.1,113694.2,11.953,1358986.7725999998
2025-08-02 07:08:00,113694.1,113694.2,113625.7,113631.7,38.488,4373456.8696
2025-08-02 07:09:00,113631.7,113647.6,113538.4,113538.4,32.543,3694880.1511999997
2025-08-02 07:10:00,113538.4,113554.3,113509.0,113552.5,46.788,5312894.369999999
2025-08-02 07:11:00,113552.6,113591.5,113552.5,113586.1,25.156,2857371.9316000002
2025-08-02 07:12:00,113586.1,113607.7,113586.0,113607.6,19.173,2178198.5148
2025-08-02 07:13:00,113607.7,113650.0,113607.6,113634.0,17.473,1985526.882
2025-08-02 07:14:00,113633.9,113633.9,113596.4,113628.6,17.443,1982023.6698000003
2025-08-02 07:15:00,113628.5,113668.0,113628.5,113652.2,35.483,4032721.0125999996
2025-08-02 07:16:00,113652.3,113657.3,113643.8,113644.2,22.143,2516423.5206
2025-08-02 07:17:00,113644.3,113683.1,113644.2,113658.1,27.243,3096387.6183
2025-08-02 07:18:00,113658.0,113670.7,113644.0,113670.7,14.12,1605030.284
2025-08-02 07:19:00,113670.6,113705.2,113670.6,113705.2,24.399,2774293.1748
2025-08-02 07:20:00,113705.1,113739.0,113700.0,113738.9,47.015,5347434.3834999995
2025-08-02 07:21:00,113738.9,113797.0,113738.9,113797.0,61.947,7049382.759000001
2025-08-02 07:22:00,113796.9,113797.0,113757.3,113757.3,50.613,5757598.2249
2025-08-02 07:23:00,113757.3,113771.0,113752.2,113771.0,36.278,4127384.338
2025-08-02 07:24:00,113770.9,113804.7,113770.9,113804.7,44.687,5085590.6289
2025-08-02 07:25:00,113804.7,113804.7,113800.0,113803.1,33.758,3841765.0498000006
2025-08-02 07:26:00,113803.1,113855.5,113803.0,113855.5,49.937,5685602.103499999
2025-08-02 07:27:00,113855.5,113887.2,113850.0,113850.0,115.23,13118935.5
2025-08-02 07:28:00,113850.0,113870.1,113842.3,113870.1,26.629,3032246.8929000003
2025-08-02 07:29:00,113870.1,113888.8,113870.0,113881.0,49.713,5661366.153
2025-08-02 07:30:00,113881.1,113881.1,113866.6,113866.6,28.01,3189403.4660000005
2025-08-02 07:31:00,113866.6,113866.7,113798.5,113816.5,48.394,5508035.700999999
2025-08-02 07:32:00,113816.6,113881.1,113816.5,113876.1,50.398,5739127.6878
2025-08-02 07:33:00,113875.9,113876.7,113825.3,113825.3,104.384,11881540.1152
2025-08-02 07:34:00,113825.3,113825.4,113795.3,113811.5,113.532,12921247.218
2025-08-02 07:35:00,113811.5,113839.8,113811.5,113839.8,26.162,2978276.8476
2025-08-02 07:36:00,113839.7,113839.8,113820.4,113826.8,42.66,4855851.288
2025-08-02 07:37:00,113826.9,113834.6,113799.0,113799.0,29.054,3306316.1459999997
2025-08-02 07:38:00,113799.0,113842.9,113799.0,113842.9,40.797,4644448.7913
2025-08-02 07:39:00,113842.8,113877.2,113842.8,113877.1,23.796,2709819.4716000003
2025-08-02 07:40:00,113877.1,113877.2,113869.3,113869.3,41.152,4685949.4336
2025-08-02 07:41:00,113869.4,113884.0,113869.3,113883.9,23.337,2657708.5743
2025-08-02 07:42:00,113883.9,113902.8,113883.9,113902.7,60.245,6862068.161499999
2025-08-02 07:43:00,113902.8,113902.8,113900.0,113902.8,29.216,3327784.2048000004
2025-08-02 07:44:00,113902.7,113918.4,113858.0,113864.0,137.296,15633071.743999999
2025-08-02 07:45:00,113864.1,113864.1,113858.0,113858.0,17.187,1956877.4460000002
2025-08-02 07:46:00,113858.0,113876.0,113857.9,113875.9,32.657,3718845.2662999993
2025-08-02 07:47:00,113876.0,113900.0,113847.4,113858.8,153.062,17427455.645600002
2025-08-02 07:48:00,113858.7,113928.6,113847.9,113928.4,210.951,24033309.9084
2025-08-02 07:49:00,113928.5,113935.0,113928.4,113931.1,65.588,7472512.9868
2025-08-02 07:50:00,113931.0,113931.1,113905.6,113920.0,69.745,7945350.4
2025-08-02 07:51:00,113920.0,113939.3,113919.9,113939.2,28.206,3213769.0752
2025-08-02 07:52:00,113939.3,113941.9,113939.2,113941.9,61.593,7018023.4467
2025-08-02 07:53:00,113941.9,113941.9,113939.0,113939.0,32.519,3705182.341
2025-08-02 07:54:00,113939.0,113943.7,113930.3,113943.6,72.626,8275267.893600001
2025-08-02 07:55:00,113943.7,113943.7,113943.6,113943.7,17.093,1947639.6641
2025-08-02 07:56:00,113943.7,113960.0,113943.6,113959.5,70.924,8082463.578000001
2025-08-02 07:57:00,113959.6,113959.6,113959.5,113959.5,38.915,4434733.9425
2025-08-02 07:58:00,113959.6,113965.7,113952.4,113952.4,38.586,4396967.306399999
2025-08-02 07:59:00,113952.5,113952.5,113919.9,113919.9,57.702,6573406.0698
2025-08-02 08:00:00,113920.0,113946.1,113919.9,113946.1,55.929,6372891.4269
2025-08-02 08:01:00,113946.1,113946.1,113919.2,113919.3,47.425,5402622.8025
2025-08-02 08:02:00,113919.2,113919.3,113919.2,113919.2,14.699,1674498.3207999999
2025-08-02 08:03:00,113919.3,113919.3,113892.2,113898.6,53.465,6089588.649000001
2025-08-02 08:04:00,113898.7,113923.6,113898.6,113909.8,46.7,5319587.66
2025-08-02 08:05:00,113909.9,113909.9,113885.2,113885.2,35.509,4043949.5668
2025-08-02 08:06:00,113885.2,113909.8,113885.2,113909.7,75.118,8556668.8446
2025-08-02 08:07:00,113909.7,113925.7,113909.7,113925.6,26.355,3002509.188
2025-08-02 08:08:00,113925.7,113931.1,113925.6,113931.0,31.764,3618904.284
2025-08-02 08:09:00,113931.1,113931.1,113911.4,113911.5,30.045,3422471.0175
2025-08-02 08:10:00,113911.4,113920.0,113911.4,113920.0,24.753,2819861.7600000002
2025-08-02 08:11:00,113920.0,113934.2,113907.1,113907.1,47.33,5391223.0430000005
2025-08-02 08:12:00,113907.1,113907.2,113887.6,113891.8,46.467,5292210.2706
2025-08-02 08:13:00,113891.8,113910.0,113889.1,113910.0,29.894,3405225.54
2025-08-02 08:14:00,113910.0,113910.0,113909.9,113909.9,13.551,1543593.0548999999
2025-08-02 08:15:00,113909.9,113910.0,113909.9,113910.0,20.01,2279339.1
2025-08-02 08:16:00,113909.9,113919.3,113909.9,113919.2,16.408,1869186.2336000002
2025-08-02 08:17:00,113919.3,113919.3,113919.2,113919.2,10.371,1181456.0232
2025-08-02 08:18:00,113919.3,113951.5,113919.2,113951.5,31.24,3559844.86
2025-08-02 08:19:00,113951.4,113951.5,113941.8,113942.5,47.663,5430841.3774999995
2025-08-02 08:20:00,113942.5,113960.0,113942.4,113959.9,15.162,1727860.0038
2025-08-02 08:21:00,113959.9,113988.0,113959.9,113988.0,48.317,5507558.196
2025-08-02 08:22:00,113987.9,113988.0,113836.3,113836.8,116.284,13237398.451200001
2025-08-02 08:23:00,113836.8,113850.0,113831.9,113849.9,56.452,6427054.554799999
2025-08-02 08:24:00,113849.9,113888.2,113849.9,113883.0,31.016,3532195.128
2025-08-02 08:25:00,113882.9,113883.0,113832.7,113848.6,31.373,3571772.1278000004
2025-08-02 08:26:00,113848.6,113848.7,113835.0,113835.0,21.451,2441874.585
2025-08-02 08:27:00,113835.0,113835.6,113824.5,113835.6,25.863,2944130.1228
2025-08-02 08:28:00,113835.5,113837.2,113835.5,113835.5,13.301,1514125.9855
2025-08-02 08:29:00,113835.5,113835.6,113822.0,113822.0,50.868,5789897.496
2025-08-02 08:30:00,113822.0,113822.1,113769.8,113769.9,59.887,6813338.0013
2025-08-02 08:31:00,113769.8,113769.9,113725.9,113735.7,104.495,11884811.9715
2025-08-02 08:32:00,113735.7,113761.8,113735.7,113748.1,31.393,3570894.1033
2025-08-02 08:33:00,113748.1,113757.0,113713.9,113713.9,57.29,6514669.330999999
2025-08-02 08:34:00,113713.9,113823.6,113605.5,113695.4,793.503,90217640.9862
2025-08-02 08:35:00,113695.4,113708.9,113670.1,113708.9,42.754,4861510.3105999995
2025-08-02 08:36:00,113708.9,113737.9,113708.9,113730.1,37.263,4237924.7163
2025-08-02 08:37:00,113730.1,113736.0,113730.1,113736.0,18.084,2056801.824
2025-08-02 08:38:00,113736.0,113762.0,113730.1,113730.1,41.125,4677150.3625
2025-08-02 08:39:00,113730.2,113761.5,113730.1,113761.5,31.241,3554023.0215
2025-08-02 08:40:00,113761.5,113783.4,113761.4,113767.2,31.021,3529172.3112
2025-08-02 08:41:00,113767.1,113767.2,113726.4,113726.4,21.548,2450576.4672
2025-08-02 08:42:00,113726.4,113735.8,113720.2,113735.7,21.372,2430759.3804
2025-08-02 08:43:00,113735.7,113735.8,113684.5,113687.8,62.062,7055692.2436
2025-08-02 08:44:00,113687.9,113687.9,113670.0,113670.2,28.936,3289160.9072
2025-08-02 08:45:00,113670.1,113670.2,113667.8,113670.0,23.038,2618729.46
2025-08-02 08:46:00,113670.0,113670.1,113625.7,113632.6,92.306,10488970.7756
2025-08-02 08:47:00,113632.6,113700.0,113632.6,113699.9,76.741,8725444.025899999
2025-08-02 08:48:00,113700.0,113717.4,113684.1,113717.4,20.344,2313466.7856
2025-08-02 08:49:00,113717.6,113771.4,113717.6,113736.1,33.682,3830859.3202000004
2025-08-02 08:50:00,113736.1,113750.2,113726.5,113726.6,18.107,2059247.5462
2025-08-02 08:51:00,113726.5,113736.1,113689.8,113689.8,16.301,1853257.4297999998
2025-08-02 08:52:00,113689.8,113711.8,113689.8,113709.9,12.62,1435018.9379999998
2025-08-02 08:53:00,113709.9,113724.9,113702.6,113702.6,19.675,2237098.6550000003
2025-08-02 08:54:00,113702.6,113702.7,113635.4,113648.3,34.638,3936549.8153999997
2025-08-02 08:55:00,113648.4,113664.3,113642.0,113642.1,22.57,2564902.197
2025-08-02 08:56:00,113642.1,113665.8,113642.0,113665.7,24.231,2754233.5767
2025-08-02 08:57:00,113665.7,113681.8,113665.7,113665.7,23.183,2635111.9231
2025-08-02 08:58:00,113665.7,113665.8,113640.2,113640.2,15.363,1745854.3926
2025-08-02 08:59:00,113640.3,113649.4,113629.2,113633.8,24.002,2727438.4676
2025-08-02 09:00:00,113633.8,113657.8,113624.8,113657.8,39.48,4487209.944
2025-08-02 09:01:00,113657.8,113657.8,113644.1,113657.5,17.289,1965024.5175
2025-08-02 09:02:00,113657.4,113662.5,113657.4,113662.5,12.321,1400435.6624999999
2025-08-02 09:03:00,113662.5,113704.4,113662.4,113703.4,37.519,4266037.8646
2025-08-02 09:04:00,113703.4,113712.5,113700.0,113700.1,18.194,2068659.6194
2025-08-02 09:05:00,113700.0,113700.1,113662.0,113662.1,87.017,9890534.9557
2025-08-02 09:06:00,113662.1,113701.1,113660.2,113701.0,13.38,1521319.3800000001
2025-08-02 09:07:00,113701.0,113712.5,113701.0,113706.4,16.207,1842839.6247999999
2025-08-02 09:08:00,113706.4,113724.0,113706.3,113712.4,14.403,1637799.6972
2025-08-02 09:09:00,113712.4,113712.5,113680.0,113680.1,9.099,1034375.2299
2025-08-02 09:10:00,113680.0,113711.0,113680.0,113711.0,15.854,1802774.194
2025-08-02 09:11:00,113710.9,113737.0,113710.9,113737.0,25.663,2918832.631
2025-08-02 09:12:00,113736.9,113777.0,113736.9,113777.0,33.412,3801517.124
2025-08-02 09:13:00,113777.0,113778.0,113772.2,113776.3,30.213,3437523.3519
2025-08-02 09:14:00,113776.3,113788.0,113746.5,113748.8,34.928,3973018.0864
2025-08-02 09:15:00,113748.8,113748.9,113743.2,113747.6,14.367,1634211.7692000002
2025-08-02 09:16:00,113747.6,113776.0,113747.6,113775.9,8.519,969256.8920999999
2025-08-02 09:17:00,113775.9,113804.7,113775.9,113804.7,15.306,1741894.7381999998
2025-08-02 09:18:00,113804.7,113804.7,113775.0,113775.0,25.924,2949503.1
2025-08-02 09:19:00,113775.0,113775.1,113718.6,113735.6,69.487,7903145.6372
2025-08-02 09:20:00,113735.6,113745.0,113705.5,113739.6,103.282,11747253.3672
2025-08-02 09:21:00,113739.7,113761.4,113739.7,113761.4,37.041,4213836.017399999
2025-08-02 09:22:00,113761.4,113761.4,113748.7,113758.7,9.621,1094472.4527
2025-08-02 09:23:00,113758.7,113758.8,113752.8,113755.2,11.397,1296468.0144
2025-08-02 09:24:00,113755.3,113776.8,113755.2,113757.0,11.262,1281131.334
2025-08-02 09:25:00,113756.9,113756.9,113711.1,113713.1,26.161,2974848.4091000003
2025-08-02 09:26:00,113713.1,113720.9,113679.7,113720.9,34.607,3935539.1862999997
2025-08-02 09:27:00,113720.9,113736.8,113680.1,113680.2,12.149,1381100.7497999999
2025-08-02 09:28:00,113680.2,113706.1,113676.3,113698.9,25.36,2883404.104
2025-08-02 09:29:00,113698.9,113698.9,113673.3,113673.4,11.085,1260069.639
2025-08-02 09:30:00,113673.3,113673.4,113615.3,113615.9,84.73,9626675.207
2025-08-02 09:31:00,113615.8,113629.0,113550.2,113584.0,124.343,14123375.312
2025-08-02 09:32:00,113584.0,113618.6,113583.9,113613.0,99.882,11347893.666000001
2025-08-02 09:33:00,113613.0,113651.0,113612.9,113615.7,40.824,4638247.3368
2025-08-02 09:34:00,113615.6,113615.7,113600.0,113600.1,17.54,1992545.754
2025-08-02 09:35:00,113600.0,113600.0,113523.0,113523.1,67.213,7630228.1203
2025-08-02 09:36:00,113523.0,113544.6,113523.0,113544.5,33.023,3749580.0235000006
2025-08-02 09:37:00,113544.4,113567.2,113537.6,113547.6,44.805,5087500.218
2025-08-02 09:38:00,113547.6,113582.7,113547.5,113575.1,62.94,7148416.794
2025-08-02 09:39:00,113575.2,113609.9,113532.7,113535.5,100.722,11435522.631
2025-08-02 09:40:00,113535.6,113535.6,113520.0,113530.8,54.23,6156775.284
2025-08-02 09:41:00,113530.9,113530.9,113523.4,113523.5,22.237,2524422.0694999998
2025-08-02 09:42:00,113523.5,113556.8,113523.4,113556.7,47.964,5446633.5588
2025-08-02 09:43:00,113556.8,113566.2,113530.0,113530.0,12.044,1367355.32
2025-08-02 09:44:00,113530.1,113530.1,113523.5,113523.6,24.182,2745227.6952
2025-08-02 09:45:00,113523.6,113545.6,113523.5,113533.0,44.973,5105919.609
2025-08-02 09:46:00,113532.9,113545.5,113523.6,113545.5,10.632,1207215.756
2025-08-02 09:47:00,113545.5,113566.0,113543.6,113565.7,68.354,7762669.857799999
2025-08-02 09:48:00,113565.7,113565.8,113554.1,113554.2,20.05,2276761.71
2025-08-02 09:49:00,113554.2,113565.0,113554.2,113565.0,29.758,3379467.27
2025-08-02 09:50:00,113565.0,113619.1,113564.9,113619.1,52.834,6002951.5294
2025-08-02 09:51:00,113619.1,113619.1,113600.6,113600.6,59.34,6741059.604
2025-08-02 09:52:00,113600.7,113600.7,113564.9,113588.9,39.617,4500051.4513
2025-08-02 09:53:00,113588.9,113588.9,113554.3,113554.3,16.886,1917477.9098
2025-08-02 09:54:00,113554.3,113585.7,113554.3,113585.7,32.529,3694829.2353000003
2025-08-02 09:55:00,113585.7,113586.9,113566.0,113583.8,19.664,2233511.8432
2025-08-02 09:56:00,113583.7,113589.8,113568.9,113589.8,14.531,1650573.3838000002
2025-08-02 09:57:00,113589.7,113625.0,113589.7,113625.0,16.482,1872767.25
2025-08-02 09:58:00,113625.0,113647.5,113624.9,113647.5,16.932,1924279.4699999997
2025-08-02 09:59:00,113647.5,113647.5,113628.5,113634.3,14.076,1599516.4068
2025-08-02 10:00:00,113634.4,113662.7,113634.3,113662.6,15.954,1813373.1204000001
2025-08-02 10:01:00,113662.6,113662.7,113627.0,113627.0,35.286,4009442.322
2025-08-02 10:02:00,113627.0,113627.1,113604.6,113622.3,26.281,2986107.6663
2025-08-02 10:03:00,113622.3,113622.3,113582.0,113582.1,28.312,3215736.4152
2025-08-02 10:04:00,113582.0,113605.3,113572.8,113605.2,19.219,2183378.3388
2025-08-02 10:05:00,113605.2,113605.3,113573.0,113573.1,9.593,1089506.7483
2025-08-02 10:06:00,113573.0,113603.0,113571.8,113580.0,45.525,5170729.5
2025-08-02 10:07:00,113580.0,113612.1,113572.5,113590.3,19.984,2269988.5552000003
2025-08-02 10:08:00,113590.2,113598.1,113590.2,113591.2,9.756,1108195.7472
2025-08-02 10:09:00,113591.2,113591.2,113568.0,113568.1,12.37,1404837.3969999999
2025-08-02 10:10:00,113568.1,113580.0,113568.0,113575.9,13.441,1526573.6719
2025-08-02 10:11:00,113575.9,113605.3,113563.3,113605.3,20.732,2355265.0796
2025-08-02 10:12:00,113605.3,113612.8,113580.0,113580.1,25.448,2890386.3848
2025-08-02 10:13:00,113580.0,113580.1,113553.5,113553.5,32.676,3710474.166
2025-08-02 10:14:00,113553.5,113565.5,113550.2,113565.4,23.813,2704332.8702
2025-08-02 10:15:00,113565.4,113565.5,113538.4,113538.5,28.923,3283874.0354999998
2025-08-02 10:16:00,113538.4,113548.9,113517.4,113548.8,48.644,5523467.8272
2025-08-02 10:17:00,113548.9,113548.9,113517.7,113517.7,19.544,2218589.9288
2025-08-02 10:18:00,113517.7,113517.7,113500.0,113500.0,62.964,7146414.0
2025-08-02 10:19:00,113500.0,113517.2,113442.6,113495.7,206.603,23448552.1071
2025-08-02 10:20:00,113495.8,113495.8,113482.1,113485.1,66.113,7502840.416300001
2025-08-02 10:21:00,113485.1,113485.2,113458.5,113458.5,23.877,2709048.6045
2025-08-02 10:22:00,113458.5,113507.7,113458.5,113500.3,21.581,2449449.9743
2025-08-02 10:23:00,113500.4,113589.7,113500.3,113589.6,42.722,4852774.8912
2025-08-02 10:24:00,113589.7,113589.7,113550.0,113550.0,39.224,4453885.199999999
2025-08-02 10:25:00,113550.1,113604.6,113550.0,113604.6,19.499,2215176.0954
2025-08-02 10:26:00,113604.6,113628.7,113600.0,113618.2,31.973,3632714.7086
2025-08-02 10:27:00,113618.2,113623.5,113615.0,113623.5,25.351,2880469.3485
2025-08-02 10:28:00,113623.4,113641.2,113581.3,113581.3,25.315,2875310.6095000003
2025-08-02 10:29:00,113581.4,113608.2,113581.3,113597.0,22.42,2546844.74
2025-08-02 10:30:00,113597.0,113597.0,113528.5,113528.6,25.446,2888848.7556000003
2025-08-02 10:31:00,113528.5,113562.2,113528.5,113551.1,63.57,7218443.427
2025-08-02 10:32:00,113551.0,113574.6,113551.0,113556.0,38.944,4422324.864
2025-08-02 10:33:00,113556.0,113580.0,113555.9,113572.0,10.328,1172971.616
2025-08-02 10:34:00,113571.9,113571.9,113552.4,113568.0,10.376,1178381.568
2025-08-02 10:35:00,113568.0,113583.9,113559.1,113570.1,15.064,1710819.9864
2025-08-02 10:36:00,113570.1,113570.1,113523.2,113533.5,21.118,2397600.4529999997
2025-08-02 10:37:00,113533.4,113565.2,113533.4,113557.8,9.699,1101397.1022
2025-08-02 10:38:00,113557.8,113557.8,113469.8,113469.9,42.695,4844597.3805
2025-08-02 10:39:00,113470.0,113476.9,113460.1,113460.1,53.936,6119583.953600001
2025-08-02 10:40:00,113460.0,113460.0,113398.8,113422.4,398.607,45210962.5968
2025-08-02 10:41:00,113422.5,113428.0,113390.2,113403.9,249.58,28303345.362
2025-08-02 10:42:00,113404.0,113435.5,113388.0,113435.5,191.847,21762260.3685
2025-08-02 10:43:00,113435.5,113452.2,113414.4,113452.2,105.096,11923372.4112
2025-08-02 10:44:00,113452.1,113452.1,113370.0,113387.8,218.62,24788840.836000003
2025-08-02 10:45:00,113387.8,113424.2,113387.7,113400.0,76.409,8664780.600000001
2025-08-02 10:46:00,113400.1,113457.8,113388.0,113457.7,66.029,7491498.4733
2025-08-02 10:47:00,113457.8,113472.0,113441.1,113471.9,58.0,6581370.199999999
2025-08-02 10:48:00,113472.0,113473.0,113431.0,113431.1,36.058,4090098.6038
2025-08-02 10:49:00,113431.1,113461.3,113431.0,113444.3,21.365,2423737.4694999997
2025-08-02 10:50:00,113444.3,113500.0,113444.2,113499.9,30.808,3496704.9192
2025-08-02 10:51:00,113500.0,113518.2,113499.9,113515.0,31.32,3555289.8
2025-08-02 10:52:00,113515.1,113518.2,113502.1,113518.1,21.549,2446201.5369
2025-08-02 10:53:00,113518.2,113546.5,113518.1,113545.2,53.259,6047303.806799999
2025-08-02 10:54:00,113545.3,113597.7,113545.2,113597.7,48.687,5530731.2199
2025-08-02 10:55:00,113597.7,113597.7,113577.7,113577.8,44.066,5004919.3348
2025-08-02 10:56:00,113577.8,113577.8,113545.7,113547.0,22.765,2584897.455
2025-08-02 10:57:00,113547.0,113547.0,113534.4,113534.4,19.255,2186104.872
2025-08-02 10:58:00,113534.5,113534.5,113529.4,113529.5,15.629,1774352.5555
2025-08-02 10:59:00,113529.5,113529.5,113499.4,113504.2,42.377,4809967.4834
2025-08-02 11:00:00,113504.1,113557.2,113504.1,113557.2,35.142,3990627.1224
2025-08-02 11:01:00,113557.1,113563.2,113552.3,113552.3,21.622,2455227.8306
2025-08-02 11:02:00,113552.4,113552.4,113507.8,113507.8,27.353,3104778.8534000004
2025-08-02 11:03:00,113507.8,113556.9,113507.8,113556.9,20.763,2357781.9147
2025-08-02 11:04:00,113556.9,113576.8,113556.9,113569.5,41.688,4734485.316000001
2025-08-02 11:05:00,113569.4,113595.0,113557.0,113557.0,28.308,3214571.556
2025-08-02 11:06:00,113556.9,113557.0,113539.9,113550.7,12.601,1430852.3707
2025-08-02 11:07:00,113550.6,113550.8,113503.6,113503.7,19.123,2170531.2551
2025-08-02 11:08:00,113503.6,113535.0,113503.6,113534.9,16.098,1827684.8201999997
2025-08-02 11:09:00,113535.0,113535.0,113498.6,113498.6,11.473,1302169.4378000002
2025-08-02 11:10:00,113498.6,113498.7,113451.0,113451.0,13.996,1587860.196
2025-08-02 11:11:00,113451.1,113451.1,113431.8,113431.8,36.133,4098631.2294000005
2025-08-02 11:12:00,113431.9,113431.9,113401.0,113401.0,28.777,3263340.577
2025-08-02 11:13:00,113401.1,113438.6,113401.0,113438.5,66.294,7520291.919
2025-08-02 11:14:00,113438.5,113444.1,113438.5,113444.0,16.929,1920493.4759999998
2025-08-02 11:15:00,113444.1,113486.9,113444.0,113455.2,41.527,4711454.0904
2025-08-02 11:16:00,113455.2,113498.3,113455.1,113498.3,11.578,1314083.3174
2025-08-02 11:17:00,113498.3,113530.3,113498.2,113530.3,16.046,1821707.1938
2025-08-02 11:18:00,113530.3,113540.2,113520.0,113540.1,22.835,2592688.1835000003
2025-08-02 11:19:00,113540.2,113568.1,113540.1,113568.0,31.424,3568760.832
2025-08-02 11:20:00,113568.1,113580.0,113556.7,113580.0,21.243,2412779.94
2025-08-02 11:21:00,113579.9,113606.1,113579.9,113606.1,42.086,4781226.3246
2025-08-02 11:22:00,113606.1,113625.6,113606.0,113625.6,15.944,1811646.5664000001
2025-08-02 11:23:00,113625.6,113633.5,113625.5,113633.5,8.819,1002133.8365000001
2025-08-02 11:24:00,113634.0,113639.2,113620.7,113620.7,34.073,3871398.1111
2025-08-02 11:25:00,113620.7,113620.8,113584.1,113584.1,21.464,2437969.1223999998
2025-08-02 11:26:00,113584.1,113660.7,113584.1,113660.7,40.898,4648495.3086
2025-08-02 11:27:00,113660.7,113739.1,113660.6,113731.0,190.0,21608890.0
2025-08-02 11:28:00,113731.0,113788.9,113730.9,113781.7,129.733,14761241.2861
2025-08-02 11:29:00,113781.8,113815.7,113781.7,113808.2,78.27,8907767.814
2025-08-02 11:30:00,113808.3,113814.1,113801.1,113814.0,54.599,6214130.585999999
2025-08-02 11:31:00,113814.1,113847.6,113814.0,113847.5,96.296,10963058.860000001
2025-08-02 11:32:00,113847.5,113863.5,113847.5,113857.7,78.297,8914716.3369
2025-08-02 11:33:00,113857.7,113857.7,113816.1,113823.2,59.194,6737650.5008000005
2025-08-02 11:34:00,113823.3,113829.8,113823.2,113829.7,23.861,2716090.4717
2025-08-02 11:35:00,113829.8,113829.8,113787.5,113791.6,53.694,6109926.1704
2025-08-02 11:36:00,113791.7,113799.9,113757.7,113799.8,40.13,4566785.974
2025-08-02 11:37:00,113799.8,113806.0,113799.8,113805.9,24.918,2835815.4162
2025-08-02 11:38:00,113806.0,113826.0,113805.9,113826.0,16.8,1912276.8
2025-08-02 11:39:00,113826.0,113826.0,113824.1,113824.1,17.319,1971319.5879
2025-08-02 11:40:00,113824.1,113824.2,113800.0,113800.1,27.412,3119488.3412
2025-08-02 11:41:00,113800.0,113800.1,113792.3,113792.3,15.769,1794390.7787000001
2025-08-02 11:42:00,113792.4,113792.4,113760.3,113760.3,47.565,5411008.6695
2025-08-02 11:43:00,113760.4,113760.4,113757.2,113757.2,28.475,3239236.27
2025-08-02 11:44:00,113757.2,113760.0,113750.8,113750.8,20.583,2341332.7164
2025-08-02 11:45:00,113750.8,113782.5,113750.8,113782.5,44.927,5111906.3775
2025-08-02 11:46:00,113782.4,113792.0,113778.5,113781.4,28.252,3214552.1128
2025-08-02 11:47:00,113781.4,113793.4,113775.1,113775.1,21.194,2411349.4694
2025-08-02 11:48:00,113775.1,113775.2,113750.0,113750.0,37.66,4283825.0
2025-08-02 11:49:00,113750.0,113750.1,113740.0,113740.0,19.393,2205759.8200000003
2025-08-02 11:50:00,113740.1,113740.1,113710.5,113710.6,19.17,2179832.2020000005
2025-08-02 11:51:00,113710.5,113710.6,113710.5,113710.5,15.049,1711229.3144999999
2025-08-02 11:52:00,113710.5,113710.6,113710.5,113710.5,13.64,1551011.22
2025-08-02 11:53:00,113710.5,113710.6,113700.5,113700.5,18.406,2092771.403
2025-08-02 11:54:00,113700.5,113700.6,113697.7,113697.7,14.816,1684545.1232
2025-08-02 11:55:00,113697.8,113704.3,113688.8,113688.9,59.17,6726972.2129999995
2025-08-02 11:56:00,113688.8,113718.7,113688.8,113718.7,29.36,3338781.0319999997
2025-08-02 11:57:00,113718.7,113718.7,113711.0,113711.0,14.374,1634481.914
2025-08-02 11:58:00,113711.0,113750.0,113711.0,113740.5,29.784,3387647.0519999997
2025-08-02 11:59:00,113740.4,113740.5,113732.5,113732.5,13.401,1524129.2325
2025-08-02 12:00:00,113732.6,113732.6,113713.8,113723.4,31.001,3525539.1234
2025-08-02 12:01:00,113723.4,113740.5,113723.3,113723.4,18.107,2059189.6038
2025-08-02 12:02:00,113723.4,113723.4,113678.5,113678.5,16.563,1882856.9955
2025-08-02 12:03:00,113678.5,113693.7,113651.9,113693.6,87.664,9966835.750400001
2025-08-02 12:04:00,113693.7,113693.7,113650.7,113650.7,27.492,3124485.0444
2025-08-02 12:05:00,113650.8,113683.9,113650.7,113678.3,36.042,4097193.2886
2025-08-02 12:06:00,113678.3,113682.0,113675.2,113681.9,8.477,963681.4663
2025-08-02 12:07:00,113681.9,113713.0,113681.9,113703.2,21.656,2462356.4992
2025-08-02 12:08:00,113703.2,113703.3,113688.3,113688.4,7.736,879493.4624
2025-08-02 12:09:00,113688.3,113703.3,113679.1,113679.1,19.742,2244252.7922
2025-08-02 12:10:00,113679.1,113684.4,113674.2,113684.4,5.088,578426.2272
2025-08-02 12:11:00,113684.3,113684.4,113675.0,113675.0,4.629,526201.575
2025-08-02 12:12:00,113675.0,113700.0,113675.0,113700.0,16.695,1898221.5
2025-08-02 12:13:00,113699.9,113700.0,113696.1,113696.1,12.289,1397211.3729
2025-08-02 12:14:00,113696.1,113696.2,113670.1,113670.1,16.474,1872601.2274000002
2025-08-02 12:15:00,113670.1,113670.2,113651.5,113651.5,17.528,1992083.4919999999
2025-08-02 12:16:00,113651.5,113651.6,113642.7,113642.7,28.544,3243817.2288
2025-08-02 12:17:00,113642.7,113679.9,113642.7,113679.9,38.341,4358601.0459
2025-08-02 12:18:00,113679.9,113700.0,113664.5,113692.5,27.368,3111536.34
2025-08-02 12:19:00,113692.4,113692.5,113660.0,113664.7,13.923,1582553.6181
2025-08-02 12:20:00,113664.7,113703.9,113651.5,113651.6,23.028,2617169.0448
2025-08-02 12:21:00,113651.5,113666.0,113651.5,113662.2,17.274,1963400.8428
2025-08-02 12:22:00,113662.1,113662.2,113648.4,113648.4,9.861,1120686.8724
2025-08-02 12:23:00,113648.4,113661.9,113648.4,113651.5,10.71,1217207.5650000002
2025-08-02 12:24:00,113651.5,113651.6,113651.5,113651.6,6.17,701230.372
2025-08-02 12:25:00,113651.5,113651.6,113644.0,113646.6,13.491,1533206.2806
2025-08-02 12:26:00,113646.6,113650.0,113646.6,113649.9,4.799,545405.8701000001
2025-08-02 12:27:00,113650.0,113678.6,113649.9,113665.1,16.838,1913892.9538000003
2025-08-02 12:28:00,113665.2,113675.0,113665.1,113674.9,7.97,905988.953
2025-08-02 12:29:00,113675.0,113675.0,113665.1,113665.1,16.019,1820801.2369
2025-08-02 12:30:00,113665.1,113665.2,113652.4,113652.4,10.161,1154822.0363999999
2025-08-02 12:31:00,113652.4,113689.9,113652.4,113689.9,18.948,2154196.2251999998
2025-08-02 12:32:00,113689.9,113703.8,113689.8,113690.1,18.955,2154995.8455
2025-08-02 12:33:00,113690.0,113698.2,113682.0,113682.0,18.054,2052414.8279999997
2025-08-02 12:34:00,113682.0,113682.1,113633.0,113633.0,20.258,2301977.314
2025-08-02 12:35:00,113633.1,113688.4,113633.1,113688.4,9.69,1101640.596
2025-08-02 12:36:00,113688.4,113700.0,113674.5,113675.0,13.739,1561780.8250000002
2025-08-02 12:37:00,113675.0,113690.6,113675.0,113680.2,28.198,3205554.2796
2025-08-02 12:38:00,113680.1,113680.2,113634.3,113672.8,20.065,2280844.7320000003
2025-08-02 12:39:00,113672.8,113690.2,113660.0,113660.0,29.186,3317280.76
2025-08-02 12:40:00,113660.1,113660.1,113648.7,113648.7,5.664,643706.2368
2025-08-02 12:41:00,113648.7,113648.7,113633.0,113633.0,15.833,1799151.289
2025-08-02 12:42:00,113633.1,113633.1,113551.4,113551.4,108.846,12359615.6844
2025-08-02 12:43:00,113551.4,113566.8,113530.0,113530.0,97.357,11052940.209999999
2025-08-02 12:44:00,113530.1,113530.1,113525.9,113525.9,41.644,4727672.5796
2025-08-02 12:45:00,113525.9,113526.0,113519.1,113519.2,37.569,4264802.8248000005
2025-08-02 12:46:00,113519.2,113562.0,113519.1,113562.0,21.74,2468837.88
2025-08-02 12:47:00,113562.0,113566.7,113533.6,113533.6,47.3,5370139.28
2025-08-02 12:48:00,113533.6,113565.4,113530.0,113565.4,29.955,3401851.5569999996
2025-08-02 12:49:00,113565.4,113571.4,113565.2,113565.2,18.854,2141158.2808
2025-08-02 12:50:00,113565.3,113565.3,113554.7,113554.7,17.414,1977441.5458000002
2025-08-02 12:51:00,113554.8,113582.6,113554.7,113582.5,31.903,3623622.4975
2025-08-02 12:52:00,113582.5,113596.3,113582.5,113594.5,15.794,1794111.533
2025-08-02 12:53:00,113594.5,113594.5,113579.8,113579.8,16.366,1858847.0068
2025-08-02 12:54:00,113579.8,113647.3,113579.8,113647.3,26.121,2968581.1233
2025-08-02 12:55:00,113647.3,113647.3,113629.3,113635.6,15.549,1766919.9444
2025-08-02 12:56:00,113635.6,113639.4,113613.7,113613.7,13.7,1556507.69
2025-08-02 12:57:00,113613.8,113613.8,113596.7,113600.1,21.918,2489886.9918
2025-08-02 12:58:00,113600.1,113600.1,113592.3,113592.4,14.734,1673670.4216
2025-08-02 12:59:00,113592.4,113598.7,113573.9,113574.1,27.717,3147933.3297
2025-08-02 13:00:00,113574.1,113595.6,113574.1,113595.6,19.011,2159565.9516
2025-08-02 13:01:00,113595.5,113595.6,113568.1,113571.6,13.685,1554227.3460000001
2025-08-02 13:02:00,113571.7,113571.7,113566.0,113566.0,10.111,1148265.8260000001
2025-08-02 13:03:00,113566.1,113566.1,113531.8,113531.9,25.66,2913228.554
2025-08-02 13:04:00,113531.8,113531.9,113531.8,113531.9,19.064,2164372.1415999997
2025-08-02 13:05:00,113531.8,113553.3,113530.0,113530.1,48.031,5452964.2331
2025-08-02 13:06:00,113530.1,113548.2,113530.0,113538.1,12.346,1401741.3826000001
2025-08-02 13:07:00,113538.0,113538.0,113492.9,113494.4,65.051,7382924.2144
2025-08-02 13:08:00,113494.4,113503.1,113435.9,113436.0,126.277,14324357.772
2025-08-02 13:09:00,113435.9,113497.0,113435.9,113481.5,48.281,5479000.3015
2025-08-02 13:10:00,113481.6,113481.6,113453.7,113475.8,25.787,2926200.4546
2025-08-02 13:11:00,113475.9,113475.9,113441.6,113441.7,36.038,4088211.9845999996
2025-08-02 13:12:00,113441.7,113458.6,113441.6,113458.6,20.855,2366179.103
2025-08-02 13:13:00,113458.6,113467.1,113399.9,113400.0,301.893,34234666.199999996
2025-08-02 13:14:00,113400.0,113400.0,113399.9,113400.0,48.168,5462251.2
2025-08-02 13:15:00,113400.0,113417.6,113398.2,113417.6,118.777,13471402.2752
2025-08-02 13:16:00,113417.6,113436.1,113399.8,113399.9,103.021,11682571.0979
2025-08-02 13:17:00,113399.9,113430.2,113391.6,113391.7,130.524,14800338.2508
2025-08-02 13:18:00,113391.7,113410.1,113391.6,113398.5,125.029,14178101.056499999
2025-08-02 13:19:00,113398.6,113400.0,113398.5,113400.0,40.531,4596215.399999999
2025-08-02 13:20:00,113399.9,113400.0,113399.9,113399.9,62.32,7067081.767999999
2025-08-02 13:21:00,113400.0,113400.6,113399.9,113399.9,64.755,7343210.524499999
2025-08-02 13:22:00,113400.0,113400.0,113391.6,113391.6,28.833,3269420.0028
2025-08-02 13:23:00,113391.6,113394.3,113391.6,113394.3,25.268,2865247.1724
2025-08-02 13:24:00,113394.3,113394.3,113394.2,113394.3,14.868,1685946.4524
2025-08-02 13:25:00,113394.3,113400.0,113392.0,113392.0,66.873,7582863.216000001
2025-08-02 13:26:00,113392.0,113399.9,113384.6,113399.8,69.015,7826287.197000001
2025-08-02 13:27:00,113399.9,113408.4,113392.8,113392.9,102.282,11598052.5978
2025-08-02 13:28:00,113392.9,113392.9,113280.0,113280.0,375.632,42551592.96
2025-08-02 13:29:00,113280.1,113296.2,113230.0,113230.0,190.235,21540309.05
2025-08-02 13:30:00,113230.1,113246.9,113168.0,113168.5,329.513,37290491.9405
2025-08-02 13:31:00,113168.6,113374.4,113168.5,113260.1,416.439,47165922.78390001
2025-08-02 13:32:00,113260.1,113373.9,113260.0,113362.8,107.366,12171310.3848
2025-08-02 13:33:00,113362.8,113362.8,113293.2,113322.8,62.576,7091287.5328
2025-08-02 13:34:00,113322.8,113423.1,113322.7,113394.3,94.276,10690361.0268
2025-08-02 13:35:00,113394.2,113408.9,113315.5,113315.5,51.505,5836314.827500001
2025-08-02 13:36:00,113315.5,113358.3,113315.5,113343.2,34.302,3887898.4464
2025-08-02 13:37:00,113343.1,113386.0,113343.1,113372.1,65.932,7474849.297200001
2025-08-02 13:38:00,113372.1,113372.1,113322.8,113322.8,27.395,3104478.106
2025-08-02 13:39:00,113322.9,113322.9,113267.3,113295.3,68.334,7741921.030200001
2025-08-02 13:40:00,113295.4,113350.8,113295.3,113300.1,33.607,3807676.4607
2025-08-02 13:41:00,113300.0,113300.0,113260.0,113267.4,46.045,5215397.433
2025-08-02 13:42:00,113267.3,113323.7,113260.0,113323.7,51.858,5876740.434599999
2025-08-02 13:43:00,113323.6,113343.2,113303.3,113337.4,24.482,2774726.2268
2025-08-02 13:44:00,113337.4,113337.4,113310.1,113310.1,14.134,1601524.9534000002
2025-08-02 13:45:00,113310.2,113333.6,113290.0,113333.6,31.668,3589048.4448
2025-08-02 13:46:00,113333.6,113364.5,113333.5,113354.6,34.54,3915267.884
2025-08-02 13:47:00,113354.7,113385.0,113354.6,113381.8,51.884,5882701.3112
2025-08-02 13:48:00,113381.7,113381.8,113370.0,113370.1,39.933,4527208.2033
2025-08-02 13:49:00,113370.0,113412.3,113370.0,113385.2,83.616,9480816.8832
2025-08-02 13:50:00,113385.2,113385.2,113322.2,113365.1,31.101,3525767.9751
2025-08-02 13:51:00,113365.1,113366.8,113360.0,113366.7,35.346,4007059.3781999997
2025-08-02 13:52:00,113366.8,113427.8,113366.8,113427.8,24.896,2823898.5088
2025-08-02 13:53:00,113427.8,113427.9,113412.0,113412.5,45.688,5181590.3
2025-08-02 13:54:00,113412.5,113450.0,113412.5,113450.0,31.742,3601129.9
2025-08-02 13:55:00,113449.9,113466.6,113449.9,113466.6,40.787,4627962.2142
2025-08-02 13:56:00,113466.7,113489.9,113466.7,113479.6,41.109,4665032.8764
2025-08-02 13:57:00,113479.6,113491.5,113479.6,113480.7,23.085,2619701.9595
2025-08-02 13:58:00,113480.7,113480.8,113417.8,113430.7,32.472,3683321.6904
2025-08-02 13:59:00,113430.6,113444.3,113410.0,113410.1,51.942,5890747.4142
2025-08-02 14:00:00,113410.1,113424.3,113410.0,113424.3,8.748,992235.7764
2025-08-02 14:01:00,113424.3,113444.3,113422.7,113435.3,21.946,2489451.0938000004
2025-08-02 14:02:00,113435.3,113439.3,113428.6,113439.2,9.326,1057933.9792
2025-08-02 14:03:00,113439.2,113439.3,113429.2,113429.2,16.335,1852865.982
2025-08-02 14:04:00,113429.2,113449.8,113410.2,113449.8,16.726,1897561.3547999999
2025-08-02 14:05:00,113449.7,113488.0,113449.7,113488.0,25.013,2838675.344
2025-08-02 14:06:00,113488.0,113488.0,113452.8,113452.9,19.1,2166950.39
2025-08-02 14:07:00,113453.0,113486.1,113452.9,113486.1,15.52,1761304.272
2025-08-02 14:08:00,113486.1,113486.1,113470.7,113470.7,16.894,1916974.0057999997
2025-08-02 14:09:00,113470.8,113470.8,113419.2,113420.0,23.258,2637922.36
2025-08-02 14:10:00,113420.0,113425.0,113389.3,113397.8,43.675,4952648.915
2025-08-02 14:11:00,113397.8,113397.8,113325.2,113346.7,42.195,4782664.0065
2025-08-02 14:12:00,113346.8,113346.8,113319.3,113319.3,16.358,1853677.1094000002
2025-08-02 14:13:00,113319.3,113319.4,113308.0,113311.8,28.162,3191086.9115999998
2025-08-02 14:14:00,113311.8,113311.9,113307.9,113307.9,11.501,1303154.1578999998
2025-08-02 14:15:00,113307.8,113307.9,113230.7,113240.4,73.822,8359632.8088
2025-08-02 14:16:00,113240.4,113267.1,113206.6,113236.3,96.059,10877365.7417
2025-08-02 14:17:00,113236.3,113236.3,113196.1,113196.2,105.787,11974686.409400001
2025-08-02 14:18:00,113196.2,113206.6,113196.1,113206.5,43.754,4953237.200999999
2025-08-02 14:19:00,113206.5,113234.1,113196.1,113196.2,79.63,9013813.406
2025-08-02 14:20:00,113196.2,113196.2,113071.3,113093.7,249.144,28176616.792799998
2025-08-02 14:21:00,113093.7,113180.1,113093.7,113180.1,236.382,26753738.3982
2025-08-02 14:22:00,113180.1,113200.0,113153.7,113199.9,60.273,6822897.5727
2025-08-02 14:23:00,113200.0,113256.3,113167.9,113168.0,210.554,23827975.072
2025-08-02 14:24:00,113168.0,113197.4,113153.9,113194.6,83.192,9416885.1632
2025-08-02 14:25:00,113194.7,113197.7,113175.0,113197.6,40.532,4588125.1232
2025-08-02 14:26:00,113197.6,113214.8,113186.9,113193.5,23.777,2691401.8495
2025-08-02 14:27:00,113193.5,113241.8,113193.5,113241.7,35.135,3978747.1295
2025-08-02 14:28:00,113241.7,113250.0,113207.1,113215.0,44.34,5019953.100000001
2025-08-02 14:29:00,113215.0,113225.8,113215.0,113215.0,21.911,2480653.865
2025-08-02 14:30:00,113215.0,113215.0,113167.6,113167.6,85.285,9651498.766
2025-08-02 14:31:00,113167.6,113209.0,113153.4,113193.3,83.832,9489220.725599999
2025-08-02 14:32:00,113193.4,113207.6,113151.3,113162.1,51.236,5797973.3556
2025-08-02 14:33:00,113162.1,113188.0,113125.0,113146.8,100.92,11418775.056
2025-08-02 14:34:00,113146.8,113170.5,113143.5,113159.2,67.031,7585174.335200001
2025-08-02 14:35:00,113159.1,113159.2,113122.0,113125.1,97.08,10982184.708
2025-08-02 14:36:00,113125.1,113159.7,113125.0,113125.1,60.557,6850516.6807
2025-08-02 14:37:00,113125.1,113144.8,113080.0,113143.9,200.719,22710130.4641
2025-08-02 14:38:00,113144.0,113144.0,113044.9,113044.9,157.391,17792249.855899997
2025-08-02 14:39:00,113044.9,113065.7,113035.9,113056.6,125.366,14173453.7156
2025-08-02 14:40:00,113056.6,113094.8,113035.2,113048.2,124.899,14119607.1318
2025-08-02 14:41:00,113048.2,113061.4,112914.4,112965.4,479.054,54116526.731599994
2025-08-02 14:42:00,112965.4,112998.2,112944.9,112968.7,230.229,26008670.8323
2025-08-02 14:43:00,112968.8,112973.3,112950.0,112958.7,97.754,11042164.7598
2025-08-02 14:44:00,112958.8,112958.8,112911.0,112949.7,206.91,23370422.426999997
2025-08-02 14:45:00,112949.7,112995.5,112949.6,112954.4,135.875,15347679.1
2025-08-02 14:46:00,112954.4,112965.2,112943.6,112950.4,91.325,10315195.28
2025-08-02 14:47:00,112950.5,113062.9,112950.4,113062.9,174.58,19738521.082
2025-08-02 14:48:00,113062.9,113064.9,112990.7,112990.7,62.434,7054461.3637999995
2025-08-02 14:49:00,112990.7,112997.7,112954.4,112965.7,93.738,10589178.7866
2025-08-02 14:50:00,112965.6,113075.9,112965.6,113070.0,129.883,14685870.81
2025-08-02 14:51:00,113070.0,113099.8,113069.9,113081.6,342.807,38765164.0512
2025-08-02 14:52:00,113081.6,113081.6,112899.9,112911.2,291.653,32930890.213600002
2025-08-02 14:53:00,112911.2,112954.2,112877.0,112954.2,180.402,20377163.5884
2025-08-02 14:54:00,112954.2,113031.4,112945.0,113031.3,299.083,33805740.297900006
2025-08-02 14:55:00,113031.4,113045.0,113017.3,113027.5,93.31,10546596.025
2025-08-02 14:56:00,113027.5,113036.7,113024.8,113024.9,97.414,11010207.6086
2025-08-02 14:57:00,113024.9,113119.3,113024.8,113113.4,96.408,10905036.6672
2025-08-02 14:58:00,113113.3,113125.8,113093.7,113118.0,64.894,7340679.492000001
2025-08-02 14:59:00,113117.9,113128.0,113054.6,113054.6,32.854,3714295.8284
2025-08-02 15:00:00,113054.5,113177.0,113049.6,113170.1,93.225,10550282.5725
2025-08-02 15:01:00,113170.0,113170.1,113086.3,113100.1,74.182,8389991.6182
2025-08-02 15:02:00,113100.1,113144.3,113096.7,113108.6,43.674,4939904.9964000005
2025-08-02 15:03:00,113108.6,113165.1,113108.5,113165.1,29.452,3332938.5252000005
2025-08-02 15:04:00,113165.0,113174.6,113134.7,113134.7,76.189,8619619.6583
2025-08-02 15:05:00,113134.7,113165.7,113132.1,113165.7,55.244,6251725.9308
2025-08-02 15:06:00,113165.7,113165.7,113154.3,113165.6,38.79,4389693.624
2025-08-02 15:07:00,113165.6,113180.0,113153.8,113168.5,112.522,12733945.957
2025-08-02 15:08:00,113168.6,113179.6,113161.3,113179.5,37.425,4235742.7875
2025-08-02 15:09:00,113179.6,113222.8,113179.5,113203.4,162.367,18380496.4478
2025-08-02 15:10:00,113203.3,113215.2,113174.2,113208.8,65.441,7408497.080800001
2025-08-02 15:11:00,113208.7,113208.8,113166.4,113177.5,27.043,3060659.1325
2025-08-02 15:12:00,113177.4,113230.7,113158.4,113230.7,54.031,6117967.9517
2025-08-02 15:13:00,113230.7,113230.7,113202.7,113202.8,48.527,5493392.2756
2025-08-02 15:14:00,113202.7,113220.6,113202.7,113220.6,27.359,3097602.3954000003
2025-08-02 15:15:00,113220.5,113245.9,113220.5,113245.9,28.703,3250497.0676999995
2025-08-02 15:16:00,113245.9,113328.6,113245.8,113310.4,124.311,14085729.1344
2025-08-02 15:17:00,113310.4,113362.9,113310.3,113362.8,56.506,6405678.3768
2025-08-02 15:18:00,113362.9,113362.9,113341.6,113350.3,95.013,10769752.053900002
2025-08-02 15:19:00,113350.4,113384.6,113218.0,113218.0,170.662,19322010.316
2025-08-02 15:20:00,113217.5,113278.5,113217.5,113278.5,40.159,4549151.2815
2025-08-02 15:21:00,113278.5,113288.1,113228.7,113228.7,61.552,6969452.9424
2025-08-02 15:22:00,113228.7,113228.8,113199.4,113210.0,82.633,9354881.93
2025-08-02 15:23:00,113209.9,113210.0,113200.0,113200.0,30.127,3410376.4
2025-08-02 15:24:00,113200.0,113220.0,113200.0,113205.9,26.443,2993503.6137
2025-08-02 15:25:00,113205.9,113213.1,113200.0,113213.0,18.803,2128744.039
2025-08-02 15:26:00,113213.0,113232.9,113213.0,113217.6,23.538,2664915.8688000003
2025-08-02 15:27:00,113217.6,113269.8,113217.5,113269.8,34.142,3867257.5116000003
2025-08-02 15:28:00,113269.7,113269.8,113257.0,113257.1,17.191,1947002.8061
2025-08-02 15:29:00,113257.0,113257.1,113198.9,113198.9,96.408,10913279.551199999
2025-08-02 15:30:00,113198.9,113199.0,113181.8,113182.3,118.835,13450018.6205
2025-08-02 15:31:00,113182.2,113187.0,113025.3,113025.4,1202.873,135955201.9742
2025-08-02 15:32:00,113025.3,113042.0,112973.0,112973.1,143.924,16259540.444400001
2025-08-02 15:33:00,112973.1,112990.0,112921.5,112921.6,188.586,21295432.857600003
2025-08-02 15:34:00,112921.5,113018.7,112921.5,113002.1,168.438,19033847.7198
2025-08-02 15:35:00,113002.0,113017.7,112970.2,112970.2,40.131,4533607.0962
2025-08-02 15:36:00,112970.2,113028.7,112970.2,112997.6,50.453,5701067.912800001
2025-08-02 15:37:00,112997.7,113012.5,112950.0,112950.0,107.941,12191935.950000001
2025-08-02 15:38:00,112950.0,113023.1,112950.0,113023.1,76.058,8596310.939800002
2025-08-02 15:39:00,113023.1,113030.0,112995.0,112995.1,99.354,11226515.1654
2025-08-02 15:40:00,112995.0,113004.9,112959.5,112959.6,30.674,3464922.7704000003
2025-08-02 15:41:00,112959.5,112979.5,112958.4,112973.2,45.652,5157452.5264
2025-08-02 15:42:00,112973.2,113018.0,112973.2,112993.0,30.37,3431597.41
2025-08-02 15:43:00,112993.0,113004.8,112971.0,112971.0,71.024,8023652.3040000005
2025-08-02 15:44:00,112971.1,113007.4,112971.0,112976.4,17.027,1923649.1628
2025-08-02 15:45:00,112976.5,113012.5,112976.4,112994.7,56.713,6408268.4211
2025-08-02 15:46:00,112994.7,112999.7,112974.4,112984.1,86.187,9737760.6267
2025-08-02 15:47:00,112984.2,113008.6,112984.2,113003.1,34.0,3842105.4000000004
2025-08-02 15:48:00,113003.0,113003.1,112989.9,112989.9,20.775,2347365.1725
2025-08-02 15:49:00,112989.9,112990.0,112925.3,112933.4,105.814,11949934.7876
2025-08-02 15:50:00,112933.3,112997.6,112921.9,112997.6,106.982,12088709.2432
2025-08-02 15:51:00,112997.5,112997.6,112932.9,112932.9,40.127,4531658.4783
2025-08-02 15:52:00,112932.9,112990.0,112921.5,112927.2,223.443,25232792.349600002
2025-08-02 15:53:00,112927.3,112930.0,112926.3,112926.5,48.653,5494213.0045
2025-08-02 15:54:00,112926.5,112942.8,112926.5,112930.0,42.742,4826854.06
2025-08-02 15:55:00,112930.1,112936.1,112921.6,112924.2,65.048,7345493.3616
2025-08-02 15:56:00,112924.1,112934.1,112921.5,112922.6,61.804,6979068.3704
2025-08-02 15:57:00,112922.6,112922.6,112921.5,112921.5,316.124,35697196.266
2025-08-02 15:58:00,112921.5,112921.6,112782.3,112884.0,944.366,106603811.544
2025-08-02 15:59:00,112884.4,112888.0,112769.2,112798.6,264.096,29789659.0656
2025-08-02 16:00:00,112798.6,112819.0,112723.4,112759.9,373.258,42088534.7542
2025-08-02 16:01:00,112760.0,112884.3,112759.9,112884.2,164.086,18522716.8412
2025-08-02 16:02:00,112884.2,112909.6,112831.2,112831.3,105.441,11897045.103300001
2025-08-02 16:03:00,112831.3,112880.2,112831.2,112863.5,95.139,10737720.5265
2025-08-02 16:04:00,112863.5,112868.4,112837.0,112845.2,59.231,6683934.0412
2025-08-02 16:05:00,112845.3,112938.5,112845.3,112938.5,105.376,11901007.376
2025-08-02 16:06:00,112938.4,112940.4,112858.7,112894.8,87.012,9823202.3376
2025-08-02 16:07:00,112894.7,112897.2,112750.4,112778.8,167.239,18861013.733200002
2025-08-02 16:08:00,112778.9,112899.6,112778.8,112779.0,152.955,17250111.945
2025-08-02 16:09:00,112779.0,112791.8,112700.0,112711.3,230.656,25997537.612800002
2025-08-02 16:10:00,112711.4,112770.3,112700.1,112700.2,186.815,21054087.862999998
2025-08-02 16:11:00,112700.1,112785.0,112674.7,112735.9,404.391,45589383.3369
2025-08-02 16:12:00,112735.9,112819.2,112735.9,112819.1,101.025,11397549.5775
2025-08-02 16:13:00,112819.2,112831.7,112771.8,112771.9,57.947,6534793.2893
2025-08-02 16:14:00,112771.9,112794.0,112723.4,112730.4,45.36,5113450.944
2025-08-02 16:15:00,112730.5,112803.7,112730.4,112778.6,90.808,10241199.108800001
2025-08-02 16:16:00,112778.5,112802.3,112685.4,112685.4,66.934,7542484.563599999
2025-08-02 16:17:00,112685.5,112745.7,112680.0,112707.9,111.524,12569635.839599999
2025-08-02 16:18:00,112708.0,112785.2,112703.0,112773.7,89.489,10092005.6393
2025-08-02 16:19:00,112773.6,112880.4,112762.1,112873.8,68.925,7779826.665
2025-08-02 16:20:00,112873.8,112880.6,112817.2,112817.4,96.158,10848295.5492
2025-08-02 16:21:00,112817.3,112849.4,112802.1,112838.4,34.61,3905337.0239999997
2025-08-02 16:22:00,112838.4,112858.2,112788.0,112820.3,71.155,8027728.446500001
2025-08-02 16:23:00,112820.1,112861.0,112820.0,112852.6,116.247,13118776.192200001
2025-08-02 16:24:00,112852.6,112910.0,112852.6,112892.5,70.943,8008932.6274999995
2025-08-02 16:25:00,112892.6,112964.1,112890.6,112954.8,89.441,10102790.266800001
2025-08-02 16:26:00,112954.9,112954.9,112855.8,112856.4,107.142,12091660.408799998
2025-08-02 16:27:00,112856.3,112913.9,112856.3,112887.6,68.472,7729639.7472
2025-08-02 16:28:00,112887.7,112919.3,112887.6,112895.1,22.151,2500739.3601
2025-08-02 16:29:00,112895.1,112895.2,112877.0,112877.1,30.961,3494787.8931
2025-08-02 16:30:00,112877.1,112895.9,112855.0,112855.0,61.405,6929861.275
2025-08-02 16:31:00,112855.0,112865.1,112846.0,112846.0,93.597,10562047.061999999
2025-08-02 16:32:00,112846.0,112852.4,112845.5,112847.9,101.039,11402038.9681
2025-08-02 16:33:00,112847.8,112852.8,112834.0,112838.1,278.178,31389076.9818
2025-08-02 16:34:00,112838.1,112898.6,112834.0,112898.6,91.255,10302561.743
2025-08-02 16:35:00,112898.5,112945.4,112855.0,112855.0,113.998,12865244.290000001
2025-08-02 16:36:00,112855.0,112907.1,112855.0,112862.2,47.552,5366823.3344
2025-08-02 16:37:00,112862.3,112897.8,112862.2,112897.8,46.741,5276956.0698
2025-08-02 16:38:00,112897.7,112969.3,112888.0,112969.3,75.496,8528730.2728
2025-08-02 16:39:00,112969.3,112974.0,112930.8,112973.9,181.065,20455619.2035
2025-08-02 16:40:00,112973.9,113031.5,112973.9,113022.6,150.716,17034314.1816
2025-08-02 16:41:00,113022.6,113095.0,113022.5,113095.0,172.231,19478464.945
2025-08-02 16:42:00,113094.9,113097.1,113006.9,113068.7,210.902,23846414.9674
2025-08-02 16:43:00,113068.7,113075.9,113059.8,113075.8,86.556,9787388.9448
2025-08-02 16:44:00,113075.9,113101.0,113060.3,113071.0,154.251,17441314.821000002
2025-08-02 16:45:00,113071.1,113116.4,113071.0,113116.3,133.424,15092429.2112
2025-08-02 16:46:00,113116.4,113195.0,113116.3,113195.0,217.808,24654776.56
2025-08-02 16:47:00,113194.9,113219.6,113113.2,113113.3,154.532,17479624.4756
2025-08-02 16:48:00,113113.2,113126.2,113033.4,113093.6,133.472,15094828.979200002
2025-08-02 16:49:00,113093.6,113099.2,113020.8,113020.8,71.008,8025380.966399999
2025-08-02 16:50:00,113020.8,113062.2,113020.8,113024.1,64.962,7342271.5842
2025-08-02 16:51:00,113024.1,113031.8,112944.7,112944.7,81.219,9173255.5893
2025-08-02 16:52:00,112944.7,112991.8,112944.7,112974.7,37.858,4276996.1926
2025-08-02 16:53:00,112974.7,112994.0,112971.0,112994.0,27.922,3155018.468
2025-08-02 16:54:00,112994.0,113075.2,112981.8,113073.0,233.425,26394065.025000002
2025-08-02 16:55:00,113073.0,113073.0,113031.5,113035.5,66.41,7506687.555
2025-08-02 16:56:00,113035.5,113112.0,113035.5,113111.8,56.526,6393757.6068
2025-08-02 16:57:00,113111.8,113150.0,113111.0,113150.0,54.418,6157396.7
2025-08-02 16:58:00,113149.9,113181.2,113135.2,113135.3,140.967,15948343.835100003
2025-08-02 16:59:00,113135.2,113156.9,113116.5,113156.9,36.119,4087114.0711
2025-08-02 17:00:00,113156.9,113190.0,113156.9,113165.3,61.86,7000405.458000001
2025-08-02 17:01:00,113165.4,113165.6,113117.8,113159.4,115.692,13091637.304799998
2025-08-02 17:02:00,113159.3,113159.4,113110.9,113115.4,78.16,8841099.663999999
2025-08-02 17:03:00,113115.4,113181.5,113115.4,113181.3,68.721,7777932.117300001
2025-08-02 17:04:00,113181.3,113295.3,113181.3,113295.3,165.074,18702108.3522
2025-08-02 17:05:00,113295.3,113295.3,113267.6,113288.7,68.255,7732520.2184999995
2025-08-02 17:06:00,113288.7,113288.8,113244.4,113244.4,74.273,8411001.321199998
2025-08-02 17:07:00,113244.5,113277.6,113244.4,113277.6,70.791,8019034.5816
2025-08-02 17:08:00,113277.5,113316.0,113277.5,113297.3,127.903,14491064.561900001
2025-08-02 17:09:00,113297.2,113334.0,113286.0,113333.9,89.173,10106323.864699999
2025-08-02 17:10:00,113333.9,113333.9,113276.6,113295.0,54.516,6176390.22
2025-08-02 17:11:00,113294.9,113339.7,113294.9,113327.7,49.774,5640772.9398
2025-08-02 17:12:00,113327.7,113327.8,113309.1,113324.1,50.853,5762870.457300001
2025-08-02 17:13:00,113324.1,113337.0,113324.1,113337.0,37.362,4234496.994
2025-08-02 17:14:00,113336.9,113337.0,113309.1,113317.6,39.926,4524318.4976
2025-08-02 17:15:00,113317.5,113323.9,113277.0,113277.0,60.303,6830942.931
2025-08-02 17:16:00,113277.0,113286.4,113226.1,113281.5,59.748,6768343.062
2025-08-02 17:17:00,113281.4,113340.8,113279.6,113340.7,54.785,6209370.2495
2025-08-02 17:18:00,113340.7,113346.5,113340.7,113346.3,67.105,7606103.4615
2025-08-02 17:19:00,113346.2,113363.8,113346.1,113363.8,50.721,5749925.2998
2025-08-02 17:20:00,113363.7,113376.1,113363.7,113374.4,91.3,10351082.719999999
2025-08-02 17:21:00,113374.4,113388.9,113358.9,113377.0,97.266,11027727.282000002
2025-08-02 17:22:00,113376.9,113377.0,113254.1,113254.8,52.695,5967961.686
2025-08-02 17:23:00,113254.8,113299.0,113242.1,113285.8,61.444,6960732.695200001
2025-08-02 17:24:00,113285.8,113285.9,113222.7,113222.7,49.452,5599088.960399999
2025-08-02 17:25:00,113222.7,113275.0,113222.7,113275.0,38.897,4406057.675
2025-08-02 17:26:00,113274.9,113303.6,113265.0,113292.6,51.595,5845331.697000001
2025-08-02 17:27:00,113292.2,113294.9,113250.2,113294.9,63.763,7224022.708699999
2025-08-02 17:28:00,113294.8,113294.9,113270.3,113270.4,20.866,2363500.1664
2025-08-02 17:29:00,113270.4,113325.0,113270.3,113324.9,12.512,1417921.1488
2025-08-02 17:30:00,113324.9,113326.8,113292.2,113292.2,36.185,4099478.257
2025-08-02 17:31:00,113292.2,113292.3,113235.5,113238.7,38.998,4416082.8226
2025-08-02 17:32:00,113238.6,113280.4,113238.6,113271.4,20.72,2346983.408
2025-08-02 17:33:00,113271.5,113280.4,113258.3,113280.4,11.143,1262283.4972
2025-08-02 17:34:00,113280.3,113294.6,113257.9,113294.6,18.545,2101048.3570000003
2025-08-02 17:35:00,113294.6,113294.6,113238.3,113238.3,34.0,3850102.2
2025-08-02 17:36:00,113238.3,113250.0,113235.5,113235.5,19.719,2232890.8245
2025-08-02 17:37:00,113235.5,113235.5,113190.1,113190.2,52.832,5980064.6464
2025-08-02 17:38:00,113190.2,113191.5,113182.0,113191.4,40.48,4581987.8719999995
2025-08-02 17:39:00,113191.4,113231.0,113185.0,113185.0,21.597,2444456.4450000003
2025-08-02 17:40:00,113185.0,113185.1,113126.8,113126.8,56.12,6348676.016
2025-08-02 17:41:00,113126.8,113137.9,113057.9,113137.7,240.401,27198416.2177
2025-08-02 17:42:00,113137.7,113150.4,113112.8,113140.5,34.424,3894748.572
2025-08-02 17:43:00,113140.6,113142.7,113076.9,113076.9,27.49,3108483.9809999997
2025-08-02 17:44:00,113077.0,113107.1,113076.9,113089.2,52.878,5979930.7176
2025-08-02 17:45:00,113089.3,113089.3,113038.4,113038.4,90.495,10229410.008
2025-08-02 17:46:00,113038.4,113049.9,113031.0,113031.0,61.326,6931739.106
2025-08-02 17:47:00,113031.0,113031.1,113028.6,113028.6,55.827,6310047.6522
2025-08-02 17:48:00,113028.6,113041.0,113028.6,113032.3,133.412,15079865.207600001
2025-08-02 17:49:00,113032.3,113032.3,112994.0,112994.2,1039.787,117489900.2354
2025-08-02 17:50:00,112994.1,112999.3,112994.0,112994.2,158.571,17917603.2882
2025-08-02 17:51:00,112994.3,113015.0,112994.0,112994.1,160.297,18112615.247700002
2025-08-02 17:52:00,112994.0,112994.1,112507.9,112548.6,1822.015,205065237.42900002
2025-08-02 17:53:00,112548.6,112650.0,112531.7,112577.7,753.553,84833263.56809999
2025-08-02 17:54:00,112577.6,112611.0,112566.0,112605.6,254.514,28659701.678400002
2025-08-02 17:55:00,112605.5,112713.4,112591.5,112601.5,412.69,46469513.035
2025-08-02 17:56:00,112601.5,112691.9,112583.2,112606.4,354.646,39935409.3344
2025-08-02 17:57:00,112606.3,112730.8,112605.5,112729.0,130.893,14755436.997
2025-08-02 17:58:00,112729.0,112747.9,112641.9,112646.4,117.925,13283826.719999999
2025-08-02 17:59:00,112646.4,112695.2,112646.3,112689.4,90.724,10223633.125599999
2025-08-02 18:00:00,112689.4,112784.1,112689.3,112703.8,152.477,17184737.3126
2025-08-02 18:01:00,112703.8,112718.5,112658.5,112669.8,135.88,15309572.424
2025-08-02 18:02:00,112669.8,112808.9,112669.8,112808.9,88.966,10036156.597399998
2025-08-02 18:03:00,112808.9,112840.0,112782.1,112782.1,141.845,15997576.9745
2025-08-02 18:04:00,112782.0,112816.1,112737.3,112745.2,69.732,7861948.2864
2025-08-02 18:05:00,112745.2,112876.6,112745.1,112780.1,175.279,19767983.1479
2025-08-02 18:06:00,112780.0,112814.6,112666.0,112682.9,122.264,13777062.085599998
2025-08-02 18:07:00,112682.8,112742.3,112653.9,112654.0,271.412,30575647.448
2025-08-02 18:08:00,112653.9,112654.0,112561.2,112580.1,138.835,15630058.183500001
2025-08-02 18:09:00,112580.0,112684.0,112573.7,112675.1,84.759,9550228.800900001
2025-08-02 18:10:00,112675.2,112687.5,112654.6,112655.7,67.166,7566632.746199999
2025-08-02 18:11:00,112655.8,112684.9,112622.0,112622.0,51.035,5747663.77
2025-08-02 18:12:00,112622.0,112652.4,112600.0,112627.1,57.527,6479099.181700001
2025-08-02 18:13:00,112627.1,112666.2,112627.1,112649.0,40.77,4592699.73
2025-08-02 18:14:00,112648.9,112657.6,112400.0,112442.0,835.099,93900201.758
2025-08-02 18:15:00,112442.1,112624.5,112418.0,112557.9,357.882,40282446.3678
2025-08-02 18:16:00,112557.4,112606.4,112550.2,112577.0,126.209,14208230.593
2025-08-02 18:17:00,112575.9,112598.0,112537.3,112557.1,81.315,9152580.5865
2025-08-02 18:18:00,112557.1,112583.3,112378.5,112411.2,311.135,34975058.712
2025-08-02 18:19:00,112411.1,112557.6,112344.8,112462.2,543.062,61073947.2564
2025-08-02 18:20:00,112462.2,112687.5,112462.1,112628.6,217.834,24534338.452400003
2025-08-02 18:21:00,112628.5,112628.6,112505.7,112505.8,110.387,12419177.7446
2025-08-02 18:22:00,112505.8,112530.7,112398.8,112513.0,156.578,17617060.514
2025-08-02 18:23:00,112513.0,112653.3,112507.9,112601.7,141.896,15977730.823199999
2025-08-02 18:24:00,112601.6,112626.4,112525.2,112525.3,68.272,7682327.281600001
2025-08-02 18:25:00,112525.2,112658.0,112491.7,112491.7,266.779,30010423.2343
2025-08-02 18:26:00,112491.6,112557.0,112453.2,112463.8,110.91,12473360.058
2025-08-02 18:27:00,112463.7,112476.4,112307.1,112330.0,273.036,30670133.88
2025-08-02 18:28:00,112330.1,112400.0,112300.0,112336.1,267.205,30016767.6005
2025-08-02 18:29:00,112336.2,112365.4,112336.1,112341.3,137.824,15483327.331200002
2025-08-02 18:30:00,112341.3,112399.2,112320.9,112321.1,135.602,15230965.8022
2025-08-02 18:31:00,112321.0,112324.3,112278.9,112289.0,283.528,31837075.592000004
2025-08-02 18:32:00,112288.9,112346.9,112260.0,112311.6,168.738,18951234.7608
2025-08-02 18:33:00,112311.5,112311.5,112262.3,112281.6,112.152,12592606.0032
2025-08-02 18:34:00,112281.6,112378.0,112281.6,112309.0,155.105,17419687.445
2025-08-02 18:35:00,112309.0,112309.0,112250.0,112258.3,150.778,16926081.957399998
2025-08-02 18:36:00,112258.4,112317.8,112250.0,112300.0,105.079,11800371.7
2025-08-02 18:37:00,112299.9,112514.4,112299.9,112514.4,162.572,18291691.0368
2025-08-02 18:38:00,112514.3,112548.9,112470.2,112488.8,171.027,19238621.9976
2025-08-02 18:39:00,112488.8,112511.1,112430.6,112453.7,138.807,15609360.735899998
2025-08-02 18:40:00,112453.7,112473.5,112388.0,112399.7,130.07,14619828.978999998
2025-08-02 18:41:00,112400.0,112489.6,112371.5,112371.5,116.956,13142521.154000001
2025-08-02 18:42:00,112371.5,112413.3,112363.3,112399.9,66.562,7481562.1438
2025-08-02 18:43:00,112399.8,112477.2,112399.8,112450.1,59.221,6659407.3721
2025-08-02 18:44:00,112450.1,112477.4,112437.1,112460.8,42.06,4730101.248000001
2025-08-02 18:45:00,112460.7,112492.8,112437.1,112442.0,39.397,4429877.473999999
2025-08-02 18:46:00,112442.0,112466.6,112372.0,112385.0,37.676,4234217.26
2025-08-02 18:47:00,112385.1,112424.4,112320.3,112332.4,119.302,13401479.9848
2025-08-02 18:48:00,112332.4,112368.9,112300.0,112300.0,116.862,13123602.6
2025-08-02 18:49:00,112300.0,112322.9,112225.0,112322.8,206.887,23238127.123600002
2025-08-02 18:50:00,112322.7,112333.8,112262.7,112262.8,60.592,6802227.5776
2025-08-02 18:51:00,112262.7,112454.4,112260.5,112403.4,103.06,11584294.404
2025-08-02 18:52:00,112403.3,112403.4,112323.8,112363.7,107.737,12105727.946899999
2025-08-02 18:53:00,112363.6,112363.6,112239.3,112274.9,114.201,12821905.854899999
2025-08-02 18:54:00,112275.0,112325.4,112237.5,112237.5,80.265,9008742.9375
2025-08-02 18:55:00,112237.5,112259.7,112200.0,112200.0,327.579,36754363.800000004
2025-08-02 18:56:00,112200.0,112200.1,112000.0,112172.8,1088.797,122133408.1216
2025-08-02 18:57:00,112172.9,112229.8,112140.2,112229.7,308.674,34642390.417799994
2025-08-02 18:58:00,112229.7,112368.2,111990.0,112347.4,1068.94,120092629.756
2025-08-02 18:59:00,112347.5,112379.3,112253.3,112285.2,196.258,22036868.781600002
2025-08-02 19:00:00,112285.1,112348.0,112270.0,112272.9,158.634,17810299.218599997
2025-08-02 19:01:00,112272.9,112367.2,112270.0,112363.1,149.831,16835475.636099998
2025-08-02 19:02:00,112363.1,112383.3,112102.8,112170.3,349.175,39167064.502500005
2025-08-02 19:03:00,112170.3,112251.7,112170.3,112236.4,180.183,20223091.2612
2025-08-02 19:04:00,112236.3,112300.0,112183.0,112183.0,337.663,37880048.329
2025-08-02 19:05:00,112183.0,112280.0,112172.7,112280.0,237.589,26676492.919999998
2025-08-02 19:06:00,112279.9,112307.6,112116.5,112167.1,379.547,42572686.30370001
2025-08-02 19:07:00,112167.1,112208.8,112116.5,112116.6,113.883,12768174.7578
2025-08-02 19:08:00,112116.5,112167.3,112116.5,112160.4,83.447,9359448.8988
2025-08-02 19:09:00,112160.3,112192.0,112136.1,112158.1,73.61,8255957.741
2025-08-02 19:10:00,112158.0,112183.1,112120.6,112120.6,64.123,7189509.2338000005
2025-08-02 19:11:00,112120.6,112211.7,112120.5,112205.4,85.388,9580994.6952
2025-08-02 19:12:00,112205.4,112205.4,112039.9,112050.1,233.259,26136694.2759
2025-08-02 19:13:00,112050.1,112050.1,111910.0,111965.1,1131.379,126674962.8729
2025-08-02 19:14:00,111965.1,112041.8,111965.0,112011.9,305.469,34216163.081099994
2025-08-02 19:15:00,112011.9,112120.0,112011.9,112012.0,163.3,18291559.6
2025-08-02 19:16:00,112011.9,112032.3,111990.3,112015.1,129.484,14504163.208400002
2025-08-02 19:17:00,112015.1,112159.3,112015.1,112107.3,175.277,19649831.2221
2025-08-02 19:18:00,112107.2,112268.4,112107.2,112268.4,162.04,18191971.536
2025-08-02 19:19:00,112268.3,112359.9,112263.1,112314.8,229.856,25816230.6688
2025-08-02 19:20:00,112314.8,112398.0,112314.7,112387.5,118.822,13354107.525
2025-08-02 19:21:00,112387.5,112442.8,112346.4,112439.7,289.416,32541848.2152
2025-08-02 19:22:00,112439.8,112523.0,112439.7,112459.6,252.641,28411905.803600002
2025-08-02 19:23:00,112459.6,112512.5,112424.8,112512.5,143.175,16108977.187500002
2025-08-02 19:24:00,112512.5,112538.4,112476.0,112538.4,152.601,17173472.378399998
2025-08-02 19:25:00,112538.3,112538.4,112400.0,112400.0,67.516,7588798.4
2025-08-02 19:26:00,112400.1,112585.3,112400.1,112583.2,119.945,13503791.923999999
2025-08-02 19:27:00,112583.2,112658.0,112527.1,112657.9,173.915,19592898.678499997
2025-08-02 19:28:00,112658.0,112660.0,112570.2,112570.2,128.125,14423056.875
2025-08-02 19:29:00,112570.2,112665.2,112562.3,112665.1,114.567,12907702.5117
2025-08-02 19:30:00,112665.1,112744.7,112633.4,112703.7,236.881,26697365.1597
2025-08-02 19:31:00,112703.8,112800.0,112703.8,112799.9,219.668,24778528.433199998
2025-08-02 19:32:00,112800.0,112800.0,112702.4,112702.5,91.227,10281510.967500001
2025-08-02 19:33:00,112702.5,112857.1,112702.4,112857.1,131.61,14853122.931000002
2025-08-02 19:34:00,112857.1,112895.8,112720.0,112834.8,297.467,33564629.4516
2025-08-02 19:35:00,112834.7,112834.8,112781.7,112790.7,83.603,9429640.892099999
2025-08-02 19:36:00,112791.0,112791.0,112676.8,112705.2,136.456,15379300.771199998
2025-08-02 19:37:00,112705.3,112776.8,112705.2,112720.2,61.288,6908395.6175999995
2025-08-02 19:38:00,112720.1,112720.2,112668.6,112668.7,147.064,16569509.6968
2025-08-02 19:39:00,112668.7,112668.7,112560.9,112595.9,137.72,15506707.348
2025-08-02 19:40:00,112596.0,112700.0,112595.9,112678.2,51.042,5751320.6844
2025-08-02 19:41:00,112678.2,112700.0,112640.7,112670.0,57.053,6428161.51
2025-08-02 19:42:00,112670.0,112712.1,112650.0,112675.2,71.686,8077234.387200001
2025-08-02 19:43:00,112675.2,112726.3,112653.7,112719.5,85.303,9615311.5085
2025-08-02 19:44:00,112719.4,112720.5,112650.0,112701.0,57.194,6445820.994
2025-08-02 19:45:00,112700.5,112709.2,112651.6,112651.7,46.065,5189300.5605
2025-08-02 19:46:00,112651.6,112651.7,112574.2,112608.6,81.073,9129517.0278
2025-08-02 19:47:00,112608.7,112614.0,112469.5,112480.9,130.012,14623866.7708
2025-08-02 19:48:00,112481.0,112481.0,112375.8,112375.8,197.751,22222426.8258
2025-08-02 19:49:00,112375.8,112379.0,112307.6,112307.7,82.466,9261566.788199998
2025-08-02 19:50:00,112307.6,112411.0,112307.6,112410.9,76.027,8546263.4943
2025-08-02 19:51:00,112411.0,112420.5,112360.5,112360.6,92.508,10394254.3848
2025-08-02 19:52:00,112360.5,112459.6,112355.8,112400.8,64.024,7196348.819200001
2025-08-02 19:53:00,112400.8,112421.7,112339.4,112379.1,86.4,9709554.24
2025-08-02 19:54:00,112379.1,112379.1,112261.9,112317.2,150.575,16912162.389999997
2025-08-02 19:55:00,112317.3,112347.0,112260.4,112260.5,46.417,5210795.628500001
2025-08-02 19:56:00,112260.4,112316.7,112260.3,112314.5,59.345,6665304.0024999995
2025-08-02 19:57:00,112314.5,112314.5,112233.5,112246.7,71.942,8075252.091399999
2025-08-02 19:58:00,112246.7,112269.3,112235.1,112241.7,38.154,4282469.8218
2025-08-02 19:59:00,112241.7,112241.8,112154.7,112175.5,194.404,21807365.902
2025-08-02 20:00:00,112175.5,112257.8,112160.0,112204.7,140.211,15732333.1917
2025-08-02 20:01:00,112204.6,112233.9,112180.0,112192.5,96.012,10771826.31
2025-08-02 20:02:00,112192.5,112223.8,112153.8,112153.8,73.789,8275716.7482
2025-08-02 20:03:00,112153.8,112171.9,112135.2,112152.9,93.134,10445248.1886
2025-08-02 20:04:00,112152.9,112169.2,112086.3,112124.5,132.18,14820616.41
2025-08-02 20:05:00,112124.5,112149.9,112086.4,112086.4,90.413,10134067.6832
2025-08-02 20:06:00,112086.4,112114.4,112072.3,112081.8,105.904,11869910.9472
2025-08-02 20:07:00,112081.8,112125.1,112071.7,112079.2,171.147,19182018.8424
2025-08-02 20:08:00,112079.1,112079.1,112007.9,112040.7,414.335,46422383.434499994
2025-08-02 20:09:00,112040.1,112090.0,112016.5,112090.0,146.251,16393274.59
2025-08-02 20:10:00,112090.0,112244.8,112089.9,112193.9,174.288,19554050.4432
2025-08-02 20:11:00,112194.0,112194.0,112120.0,112194.0,116.765,13100332.41
2025-08-02 20:12:00,112194.0,112328.4,112193.9,112328.4,136.999,15388878.471599998
2025-08-02 20:13:00,112328.3,112328.4,112220.6,112255.9,78.49,8810965.590999998
2025-08-02 20:14:00,112255.9,112297.1,112244.9,112297.0,70.755,7945574.234999999
2025-08-02 20:15:00,112297.1,112350.2,112296.8,112344.1,169.961,19094115.580100004
2025-08-02 20:16:00,112344.2,112377.7,112317.8,112377.7,80.396,9034717.5692
2025-08-02 20:17:00,112377.7,112445.2,112377.6,112407.8,138.624,15582418.8672
2025-08-02 20:18:00,112407.7,112407.8,112329.7,112368.2,58.735,6599946.227
2025-08-02 20:19:00,112368.3,112368.3,112222.8,112222.9,59.478,6674793.646199999
2025-08-02 20:20:00,112222.8,112272.6,112150.0,112167.4,72.956,8183284.8344
2025-08-02 20:21:00,112167.5,112178.0,112049.2,112119.2,204.57,22936224.744
2025-08-02 20:22:00,112119.3,112189.8,112066.2,112066.2,106.52,11937291.624
2025-08-02 20:23:00,112066.3,112147.7,112060.0,112125.7,45.135,5060793.4695
2025-08-02 20:24:00,112125.7,112187.8,112125.0,112187.8,34.52,3872722.8560000006
2025-08-02 20:25:00,112187.7,112307.1,112187.7,112274.1,64.57,7249538.636999999
2025-08-02 20:26:00,112274.1,112333.7,112274.0,112333.6,47.36,5320119.296
2025-08-02 20:27:00,112333.7,112333.7,112248.4,112283.8,70.208,7883221.0304
2025-08-02 20:28:00,112283.8,112307.8,112233.2,112233.3,42.813,4805044.2729
2025-08-02 20:29:00,112233.2,112383.7,112233.2,112382.1,164.736,18513377.6256
2025-08-02 20:30:00,112381.8,112381.8,112296.3,112350.6,64.994,7302114.8964
2025-08-02 20:31:00,112350.6,112384.6,112330.1,112358.6,63.523,7137355.347800001
2025-08-02 20:32:00,112358.6,112374.4,112330.0,112369.2,38.504,4326663.6768
2025-08-02 20:33:00,112369.2,112376.1,112296.4,112296.4,22.893,2570801.4852
2025-08-02 20:34:00,112296.5,112358.5,112296.4,112311.1,39.052,4385973.0772
2025-08-02 20:35:00,112311.1,112355.4,112242.7,112355.4,56.062,6298868.434799999
2025-08-02 20:36:00,112355.3,112365.9,112255.0,112255.0,32.559,3654910.545
2025-08-02 20:37:00,112255.1,112296.3,112255.1,112284.3,30.049,3374030.9307
2025-08-02 20:38:00,112284.3,112335.4,112284.3,112307.5,16.336,1834655.3199999998
2025-08-02 20:39:00,112307.4,112307.4,112268.1,112287.0,14.012,1573365.4440000001
2025-08-02 20:40:00,112287.0,112316.2,112274.5,112303.8,35.278,3961853.4564
2025-08-02 20:41:00,112303.8,112362.3,112303.0,112336.4,72.546,8149556.474400001
2025-08-02 20:42:00,112336.1,112336.1,112288.1,112326.3,22.412,2517457.0356
2025-08-02 20:43:00,112326.3,112357.4,112326.3,112350.0,21.876,2457768.6
2025-08-02 20:44:00,112349.9,112384.3,112332.2,112384.0,22.772,2559208.448
2025-08-02 20:45:00,112384.0,112386.9,112345.3,112345.3,23.693,2661797.1929
2025-08-02 20:46:00,112345.4,112415.1,112345.4,112393.5,73.493,8260135.495499999
2025-08-02 20:47:00,112393.4,112393.4,112326.4,112377.6,35.634,4004463.3984000003
2025-08-02 20:48:00,112377.5,112377.6,112344.0,112358.2,15.459,1736945.4138
2025-08-02 20:49:00,112358.2,112391.4,112358.2,112381.9,14.153,1590541.0307
2025-08-02 20:50:00,112381.9,112424.0,112373.3,112424.0,17.546,1972591.504
2025-08-02 20:51:00,112424.0,112424.0,112370.0,112370.0,32.296,3629101.52
2025-08-02 20:52:00,112370.1,112426.3,112370.1,112416.7,40.023,4499253.584100001
2025-08-02 20:53:00,112417.1,112417.1,112360.0,112397.8,28.047,3152421.0966000003
2025-08-02 20:54:00,112397.8,112518.5,112390.6,112512.8,104.426,11749261.652800001
2025-08-02 20:55:00,112512.8,112636.5,112500.2,112636.1,137.893,15531729.737300001
2025-08-02 20:56:00,112636.1,112637.4,112595.1,112621.9,95.644,10771609.0036
2025-08-02 20:57:00,112621.9,112684.6,112616.5,112637.2,104.7,11793114.84
2025-08-02 20:58:00,112637.2,112649.2,112570.1,112618.9,67.375,7587698.387499999
2025-08-02 20:59:00,112618.9,112750.3,112618.9,112750.3,120.617,13599602.9351
2025-08-02 21:00:00,112750.2,112797.1,112750.2,112793.7,128.093,14448083.414099999
2025-08-02 21:01:00,112793.6,112822.0,112779.0,112814.8,111.266,12552451.5368
2025-08-02 21:02:00,112814.8,112868.8,112814.7,112856.3,126.646,14292798.969800001
2025-08-02 21:03:00,112856.3,112856.3,112803.6,112849.9,116.077,13099277.8423
2025-08-02 21:04:00,112850.0,112895.0,112731.9,112770.6,175.802,19825297.0212
2025-08-02 21:05:00,112770.5,112770.5,112666.8,112676.8,101.224,11405596.4032
2025-08-02 21:06:00,112676.8,112676.9,112560.1,112564.2,182.482,20540940.3444
2025-08-02 21:07:00,112564.2,112620.0,112557.9,112602.8,93.003,10472398.2084
2025-08-02 21:08:00,112603.1,112710.0,112592.2,112709.9,86.741,9776569.435899999
2025-08-02 21:09:00,112709.9,112710.0,112648.7,112675.9,98.151,11059252.260899998
2025-08-02 21:10:00,112676.0,112676.0,112632.0,112632.0,33.461,3768779.352
2025-08-02 21:11:00,112632.0,112632.1,112538.4,112547.2,40.618,4571442.1696
2025-08-02 21:12:00,112547.1,112604.7,112547.1,112604.7,28.542,3213963.3474000003
2025-08-02 21:13:00,112604.7,112629.0,112586.4,112586.4,26.614,2996374.4496
2025-08-02 21:14:00,112586.4,112586.4,112544.3,112558.8,31.084,3498777.7392
2025-08-02 21:15:00,112558.9,112587.1,112554.8,112554.8,29.938,3369665.6023999997
2025-08-02 21:16:00,112554.8,112583.9,112549.5,112549.6,29.801,3354090.6296
2025-08-02 21:17:00,112549.5,112658.1,112549.5,112600.4,47.696,5370588.6784
2025-08-02 21:18:00,112600.5,112600.7,112550.0,112570.1,20.247,2279206.8147
2025-08-02 21:19:00,112570.1,112589.7,112554.9,112554.9,32.964,3710259.7235999997
2025-08-02 21:20:00,112554.9,112560.1,112506.2,112560.0,51.127,5754855.12
2025-08-02 21:21:00,112560.1,112615.5,112560.0,112578.1,30.357,3417533.3817000003
2025-08-02 21:22:00,112578.1,112606.8,112540.0,112606.7,78.509,8840639.4103
2025-08-02 21:23:00,112606.7,112630.0,112602.1,112629.9,24.248,2731049.8152
2025-08-02 21:24:00,112629.9,112629.9,112579.5,112579.6,14.629,1646926.9684000001
2025-08-02 21:25:00,112579.5,112579.6,112549.2,112549.2,9.484,1067416.6128
2025-08-02 21:26:00,112549.3,112562.0,112529.1,112529.1,50.005,5627017.645500001
2025-08-02 21:27:00,112529.1,112593.3,112529.0,112567.8,15.09,1698648.102
2025-08-02 21:28:00,112567.8,112571.3,112560.8,112567.3,9.425,1060946.8025000002
2025-08-02 21:29:00,112567.3,112573.3,112545.7,112545.8,52.332,5889746.805600001
2025-08-02 21:30:00,112545.8,112621.2,112545.7,112621.1,48.714,5486224.2654
2025-08-02 21:31:00,112621.1,112667.1,112615.0,112666.8,19.776,2228098.6368
2025-08-02 21:32:00,112666.9,112692.3,112666.8,112692.2,22.776,2566677.5472
2025-08-02 21:33:00,112692.3,112692.3,112645.5,112645.5,23.685,2668008.6675
2025-08-02 21:34:00,112645.5,112692.8,112645.5,112692.3,20.682,2330702.1486
2025-08-02 21:35:00,112692.6,112732.2,112692.6,112732.2,26.662,3005665.9164
2025-08-02 21:36:00,112732.2,112742.6,112729.9,112742.6,24.212,2729723.8312
2025-08-02 21:37:00,112742.5,112769.2,112742.5,112769.2,20.294,2288538.1448
2025-08-02 21:38:00,112769.2,112788.0,112769.2,112788.0,20.766,2342155.608
2025-08-02 21:39:00,112787.9,112833.4,112787.9,112833.3,32.676,3686940.9108
2025-08-02 21:40:00,112833.4,112850.2,112770.0,112770.1,79.659,8983153.395900002
2025-08-02 21:41:00,112770.0,112770.3,112770.0,112770.3,12.459,1405005.1677
2025-08-02 21:42:00,112770.2,112779.4,112770.2,112779.4,12.678,1429817.2332000001
2025-08-02 21:43:00,112779.3,112786.6,112779.3,112786.6,11.602,1308550.1332
2025-08-02 21:44:00,112786.6,112817.2,112786.5,112816.3,29.05,3277313.515
2025-08-02 21:45:00,112817.2,112844.5,112817.1,112844.4,14.892,1680478.8047999998
2025-08-02 21:46:00,112844.5,112920.9,112844.4,112920.8,84.95,9592621.96
2025-08-02 21:47:00,112920.9,112949.0,112779.4,112941.5,192.447,21735252.8505
2025-08-02 21:48:00,112941.4,112941.5,112846.3,112901.8,122.605,13842325.189000001
2025-08-02 21:49:00,112901.9,112940.0,112901.8,112933.2,35.389,3996593.0148
2025-08-02 21:50:00,112933.2,112933.2,112914.8,112914.9,21.057,2377649.0492999996
2025-08-02 21:51:00,112914.9,112914.9,112914.7,112914.8,17.166,1938295.4568
2025-08-02 21:52:00,112914.7,112941.0,112879.9,112902.9,74.083,8364185.5407
2025-08-02 21:53:00,112902.9,112966.0,112902.9,112965.9,101.611,11478578.0649
2025-08-02 21:54:00,112966.0,113018.8,112949.1,113008.5,207.305,23427227.0925
2025-08-02 21:55:00,113008.5,113008.5,113000.0,113000.0,42.449,4796737.0
2025-08-02 21:56:00,113000.0,113022.5,113000.0,113022.5,102.991,11640300.2975
2025-08-02 21:57:00,113022.4,113022.5,112963.0,112963.0,91.816,10371810.808
2025-08-02 21:58:00,112963.1,112963.1,112810.0,112823.1,204.621,23085975.545100003
2025-08-02 21:59:00,112823.1,112824.8,112814.0,112814.0,12.193,1375541.102
2025-08-02 22:00:00,112814.1,112878.3,112814.0,112878.2,40.911,4617960.0402
2025-08-02 22:01:00,112878.2,112878.2,112850.0,112872.5,24.834,2803075.665
2025-08-02 22:02:00,112872.4,112894.4,112872.4,112894.3,8.912,1006114.0016000001
2025-08-02 22:03:00,112894.3,112930.5,112893.1,112930.5,99.429,11228566.6845
2025-08-02 22:04:00,112930.4,112952.6,112903.8,112952.6,36.922,4170435.8972
2025-08-02 22:05:00,112952.6,112958.8,112922.7,112958.8,45.396,5127877.6848
2025-08-02 22:06:00,112958.8,112965.9,112940.0,112946.4,59.903,6765828.1992
2025-08-02 22:07:00,112946.5,112946.5,112876.8,112912.3,65.448,7389884.210399999
2025-08-02 22:08:00,112912.2,112947.3,112911.7,112911.7,41.765,4715757.1504999995
2025-08-02 22:09:00,112911.7,112911.8,112851.3,112884.6,51.13,5771789.598
2025-08-02 22:10:00,112884.7,112884.7,112845.6,112845.6,23.823,2688320.7288
2025-08-02 22:11:00,112845.6,112849.2,112838.8,112838.8,23.341,2633770.4308
2025-08-02 22:12:00,112838.8,112849.1,112838.8,112846.0,19.713,2224533.1980000003
2025-08-02 22:13:00,112846.0,112846.1,112838.8,112838.8,16.306,1839949.4728
2025-08-02 22:14:00,112838.9,112838.9,112773.9,112775.3,78.193,8818239.0329
2025-08-02 22:15:00,112775.3,112790.9,112712.9,112726.7,124.432,14026808.7344
2025-08-02 22:16:00,112726.7,112726.7,112676.6,112676.7,59.713,6728263.7871
2025-08-02 22:17:00,112676.6,112697.3,112676.6,112681.5,41.315,4655436.172499999
2025-08-02 22:18:00,112681.5,112681.6,112605.7,112605.7,32.863,3700561.1191
2025-08-02 22:19:00,112605.7,112638.9,112605.7,112627.9,53.395,6013766.7205
2025-08-02 22:20:00,112627.9,112628.0,112560.0,112560.1,51.208,5763977.6008
2025-08-02 22:21:00,112560.1,112560.1,112497.7,112500.0,93.61,10531125.0
2025-08-02 22:22:00,112500.0,112585.0,112500.0,112585.0,61.572,6932083.62
2025-08-02 22:23:00,112585.0,112586.7,112553.2,112553.2,33.233,3740480.4955999996
2025-08-02 22:24:00,112553.1,112553.2,112527.1,112533.8,30.256,3404822.6528000003
2025-08-02 22:25:00,112533.8,112540.6,112533.8,112536.3,22.455,2527002.6165
2025-08-02 22:26:00,112536.4,112540.6,112528.6,112532.7,41.765,4699928.2155
2025-08-02 22:27:00,112532.6,112557.7,112532.6,112557.7,29.401,3309308.9376999997
2025-08-02 22:28:00,112557.6,112557.7,112500.0,112529.9,63.276,7120441.9524
2025-08-02 22:29:00,112530.0,112532.6,112529.9,112532.6,14.111,1587947.5186
2025-08-02 22:30:00,112532.6,112543.5,112532.5,112543.5,12.838,1444833.453
2025-08-02 22:31:00,112543.5,112565.2,112543.4,112565.2,15.95,1795414.94
2025-08-02 22:32:00,112565.2,112632.8,112565.1,112631.1,103.141,11616884.285100002
2025-08-02 22:33:00,112631.1,112690.2,112631.0,112678.8,76.291,8596378.3308
2025-08-02 22:34:00,112678.9,112678.9,112678.8,112678.8,11.368,1280932.5984
2025-08-02 22:35:00,112678.9,112678.9,112632.5,112632.5,26.274,2959306.305
2025-08-02 22:36:00,112632.5,112666.0,112626.6,112666.0,22.682,2555490.212
2025-08-02 22:37:00,112666.0,112691.5,112665.9,112691.0,25.018,2819303.438
2025-08-02 22:38:00,112690.9,112691.0,112654.0,112678.1,20.057,2259984.6517
2025-08-02 22:39:00,112678.1,112720.7,112678.1,112720.7,21.324,2403656.2068000003
2025-08-02 22:40:00,112720.7,112802.1,112720.6,112795.8,90.764,10237797.9912
2025-08-02 22:41:00,112795.8,112795.9,112739.6,112746.2,23.061,2600040.1182
2025-08-02 22:42:00,112746.2,112746.3,112678.4,112678.4,24.653,2777860.5952
2025-08-02 22:43:00,112678.4,112758.8,112678.4,112740.9,28.57,3221007.513
2025-08-02 22:44:00,112740.9,112740.9,112734.5,112734.5,7.271,819692.5495
2025-08-02 22:45:00,112734.5,112754.5,112732.3,112741.2,16.519,1862371.8827999998
2025-08-02 22:46:00,112741.1,112787.9,112741.1,112787.8,14.001,1579141.9878
2025-08-02 22:47:00,112787.9,112787.9,112787.8,112787.8,13.432,1514965.7296000002
2025-08-02 22:48:00,112787.8,112838.0,112787.8,112837.9,35.417,3996379.9043
2025-08-02 22:49:00,112837.9,112838.0,112814.5,112814.6,43.982,4961811.7372
2025-08-02 22:50:00,112814.6,112856.5,112814.6,112852.5,27.653,3120710.1824999996
2025-08-02 22:51:00,112852.5,112876.5,112835.4,112876.4,17.824,2011908.9536000001
2025-08-02 22:52:00,112876.5,112909.9,112843.7,112843.7,41.677,4702986.8849
2025-08-02 22:53:00,112843.7,112879.7,112833.5,112879.7,17.533,1979119.7801
2025-08-02 22:54:00,112879.6,112898.4,112879.6,112898.3,15.217,1717973.4311000002
2025-08-02 22:55:00,112898.2,112898.2,112865.7,112874.4,26.521,2993541.9624
2025-08-02 22:56:00,112874.4,112874.5,112856.7,112856.7,16.015,1807400.0505000001
2025-08-02 22:57:00,112856.7,112856.8,112809.0,112843.5,56.229,6345077.161499999
2025-08-02 22:58:00,112843.5,112843.5,112810.2,112810.2,15.437,1741451.0573999998
2025-08-02 22:59:00,112810.2,112810.3,112810.2,112810.2,13.012,1467886.3224
2025-08-02 23:00:00,112810.3,112810.3,112760.6,112760.6,39.768,4484263.540800001
2025-08-02 23:01:00,112760.6,112824.9,112747.3,112791.6,45.624,5146003.958400001
2025-08-02 23:02:00,112791.7,112791.7,112744.6,112744.6,17.697,1995241.1862
2025-08-02 23:03:00,112744.6,112744.7,112695.9,112695.9,21.792,2455869.0528
2025-08-02 23:04:00,112695.9,112725.8,112695.9,112702.7,51.776,5835294.9952
2025-08-02 23:05:00,112702.6,112748.4,112702.6,112748.3,20.149,2271765.4967
2025-08-02 23:06:00,112748.4,112759.9,112720.0,112721.5,20.381,2297376.8915
2025-08-02 23:07:00,112721.5,112756.5,112721.5,112733.3,21.908,2469761.1364
2025-08-02 23:08:00,112733.3,112733.4,112668.8,112710.0,42.892,4834357.32
2025-08-02 23:09:00,112710.0,112710.1,112677.1,112688.8,12.73,1434528.424
2025-08-02 23:10:00,112688.8,112713.9,112635.8,112635.8,19.816,2231991.0128
2025-08-02 23:11:00,112635.8,112657.6,112615.3,112615.3,57.01,6420198.253
2025-08-02 23:12:00,112615.3,112615.3,112538.4,112553.8,116.85,13151911.53
2025-08-02 23:13:00,112553.8,112582.8,112510.5,112539.9,40.914,4604457.4686
2025-08-02 23:14:00,112540.0,112565.4,112539.9,112565.4,66.859,7526010.078599999
2025-08-02 23:15:00,112565.3,112644.9,112565.3,112644.9,50.328,5669192.5272
2025-08-02 23:16:00,112644.9,112680.0,112600.1,112600.2,27.263,3069819.2526000002
2025-08-02 23:17:00,112600.1,112600.2,112526.6,112532.0,61.374,6906538.968
2025-08-02 23:18:00,112532.1,112631.6,112462.2,112614.4,178.095,20056061.568
2025-08-02 23:19:00,112614.3,112619.0,112507.8,112530.6,81.652,9188348.5512
2025-08-02 23:20:00,112530.6,112546.5,112338.2,112353.5,180.196,20245651.286
2025-08-02 23:21:00,112353.4,112468.6,112277.5,112280.3,188.03,21112064.809
2025-08-02 23:22:00,112280.3,112461.4,112266.8,112451.4,236.859,26635126.152599998
2025-08-02 23:23:00,112451.4,112451.4,112340.0,112365.7,156.731,17611188.526699997
2025-08-02 23:24:00,112365.6,112459.6,112359.7,112450.0,117.558,13219397.100000001
2025-08-02 23:25:00,112450.0,112450.0,112354.8,112358.6,39.332,4419288.455200001
2025-08-02 23:26:00,112358.6,112358.6,112300.1,112317.0,54.976,6174739.392
2025-08-02 23:27:00,112317.0,112348.1,112291.3,112330.0,60.479,6793606.07
2025-08-02 23:28:00,112329.9,112349.0,112318.5,112321.6,10.631,1194090.9296000001
